{
  "source": "American Legion Find a Post",
  "url": "https://mylegion.org/PersonifyEbusiness/Find-a-Post",
  "last_updated": "2026-01-29",
  "notes": "Sample data for American Legion Post connector. Full dataset (12,000+ posts) to be collected via web scraping or American Legion partnership. The American Legion uses a server-side ASP.NET application with no public API. Contact American Legion National Headquarters at (317) 630-1200 for data partnership inquiries. Website: https://www.legion.org/alliances",
  "total_posts_estimated": 12000,
  "posts": [
    {
      "post_number": "1",
      "post_name": "Paris Post 1",
      "address": "4305 Lamar Ave",
      "city": "Paris",
      "state": "TX",
      "zip_code": "75462",
      "phone": "(903) 785-6792",
      "website": null,
      "email": null,
      "department": "Texas",
      "attributes": [],
      "programs": ["Baseball", "Boys State", "Oratorical"],
      "lat": 33.6609,
      "lng": -95.5555
    },
    {
      "post_number": "2",
      "post_name": "George Washington Post 2",
      "address": "3801 N Fairfax Dr",
      "city": "Arlington",
      "state": "VA",
      "zip_code": "22203",
      "phone": "(571) 312-6703",
      "website": "https://valegionpost2.org",
      "email": "commander@valegionpost2.org",
      "department": "Virginia",
      "attributes": ["Canteen", "Hall Rental"],
      "programs": ["Baseball", "Boys State", "Legion Riders", "Oratorical", "Sons of The American Legion"],
      "lat": 38.8756,
      "lng": -77.1169
    },
    {
      "post_number": "5",
      "post_name": "Montford Point Marine Post 5",
      "address": "10111 Martin Luther King Jr Hwy",
      "city": "Bowie",
      "state": "MD",
      "zip_code": "20720",
      "phone": "(301) 262-3242",
      "website": "https://mdlegionpost5.org",
      "email": null,
      "department": "Maryland",
      "attributes": ["Hall Rental"],
      "programs": ["Legion Riders", "Sons of The American Legion"],
      "lat": 38.9454,
      "lng": -76.7332
    },
    {
      "post_number": "13",
      "post_name": "Roy H. Parker Post 13",
      "address": "5000 E Bonanza Rd",
      "city": "Las Vegas",
      "state": "NV",
      "zip_code": "89110",
      "phone": "(702) 452-4281",
      "website": "https://legionpost13lv.org",
      "email": "post13lv@gmail.com",
      "department": "Nevada",
      "attributes": ["Canteen", "Hall Rental", "Smoking Allowed"],
      "programs": ["Baseball", "Boys State", "Girls State", "Legion Riders", "Oratorical", "Sons of The American Legion"],
      "lat": 36.1882,
      "lng": -115.0964
    },
    {
      "post_number": "17",
      "post_name": "Herbert J. Thomas Post 17",
      "address": "207 E 19th St",
      "city": "South Sioux City",
      "state": "NE",
      "zip_code": "68776",
      "phone": "(402) 494-2612",
      "website": null,
      "email": null,
      "department": "Nebraska",
      "attributes": ["Canteen"],
      "programs": ["Baseball", "Legion Riders"],
      "lat": 42.4758,
      "lng": -96.4083
    },
    {
      "post_number": "20",
      "post_name": null,
      "address": "3824 S 52nd St",
      "city": "Omaha",
      "state": "NE",
      "zip_code": "68106",
      "phone": "(402) 551-9392",
      "website": null,
      "email": null,
      "department": "Nebraska",
      "attributes": ["Canteen", "Hall Rental"],
      "programs": ["Boys State", "Oratorical"],
      "lat": 41.2360,
      "lng": -96.0228
    },
    {
      "post_number": "23",
      "post_name": "Rochester Post 23",
      "address": "2900 41st St NW",
      "city": "Rochester",
      "state": "MN",
      "zip_code": "55901",
      "phone": "(507) 282-6207",
      "website": "https://alpost23.com",
      "email": "info@alpost23.com",
      "department": "Minnesota",
      "attributes": ["Canteen", "Hall Rental"],
      "programs": ["Baseball", "Boys State", "Girls State", "Junior Shooting Sports", "Legion Riders", "Oratorical", "Sons of The American Legion"],
      "lat": 44.0402,
      "lng": -92.5015
    },
    {
      "post_number": "27",
      "post_name": "Ralph A. Cleland Post 27",
      "address": "1002 Veterans Memorial Way",
      "city": "Nashua",
      "state": "NH",
      "zip_code": "03063",
      "phone": "(603) 889-9777",
      "website": "https://alpost27.com",
      "email": "alpost27@gmail.com",
      "department": "New Hampshire",
      "attributes": ["Canteen", "Hall Rental"],
      "programs": ["Baseball", "Boys State", "Girls State", "Legion Riders", "Oratorical", "Sons of The American Legion"],
      "lat": 42.7654,
      "lng": -71.4676
    },
    {
      "post_number": "31",
      "post_name": "Manassas Post 31",
      "address": "9950 Cockrell Rd",
      "city": "Manassas",
      "state": "VA",
      "zip_code": "20110",
      "phone": "(703) 369-0157",
      "website": "https://americanlegionpost31.com",
      "email": "americanlegion31@verizon.net",
      "department": "Virginia",
      "attributes": ["Canteen", "Hall Rental", "Smoking Allowed"],
      "programs": ["Baseball", "Boys State", "Girls State", "Legion Riders", "Oratorical", "Sons of The American Legion"],
      "lat": 38.7509,
      "lng": -77.4753
    },
    {
      "post_number": "37",
      "post_name": "William J. Ward Post 37",
      "address": "3939 N High St",
      "city": "Columbus",
      "state": "OH",
      "zip_code": "43214",
      "phone": "(614) 262-9291",
      "website": "https://post37columbus.org",
      "email": null,
      "department": "Ohio",
      "attributes": ["Canteen", "Hall Rental"],
      "programs": ["Baseball", "Boys State", "Girls State", "Oratorical", "Sons of The American Legion"],
      "lat": 40.0317,
      "lng": -83.0144
    },
    {
      "post_number": "43",
      "post_name": "Hollywood Post 43",
      "address": "2035 N Highland Ave",
      "city": "Los Angeles",
      "state": "CA",
      "zip_code": "90068",
      "phone": "(323) 851-3227",
      "website": "https://hollywoodlegion.com",
      "email": "info@hollywoodlegion.com",
      "department": "California",
      "attributes": ["Hall Rental"],
      "programs": ["Baseball", "Boys State", "Girls State", "Legion Riders", "Oratorical", "Sons of The American Legion", "American Legion Auxiliary"],
      "lat": 34.1054,
      "lng": -118.3388
    },
    {
      "post_number": "58",
      "post_name": "Reno Post 58",
      "address": "124 Vine St",
      "city": "Reno",
      "state": "NV",
      "zip_code": "89503",
      "phone": "(775) 322-3451",
      "website": null,
      "email": null,
      "department": "Nevada",
      "attributes": ["Canteen"],
      "programs": ["Boys State", "Legion Riders", "Sons of The American Legion"],
      "lat": 39.5296,
      "lng": -119.8138
    },
    {
      "post_number": "64",
      "post_name": "George W. Diehl Post 64",
      "address": "3299 S Wadsworth Blvd",
      "city": "Lakewood",
      "state": "CO",
      "zip_code": "80227",
      "phone": "(303) 986-4778",
      "website": "https://alpost64.org",
      "email": "post64@alpost64.org",
      "department": "Colorado",
      "attributes": ["Canteen", "Hall Rental"],
      "programs": ["Baseball", "Boys State", "Girls State", "Legion Riders", "Oratorical", "Sons of The American Legion"],
      "lat": 39.6504,
      "lng": -105.0816
    },
    {
      "post_number": "72",
      "post_name": "Greenville Post 72",
      "address": "420 S Pleasantburg Dr",
      "city": "Greenville",
      "state": "SC",
      "zip_code": "29607",
      "phone": "(864) 232-2441",
      "website": null,
      "email": null,
      "department": "South Carolina",
      "attributes": ["Canteen", "Hall Rental"],
      "programs": ["Baseball", "Boys State", "Girls State", "Oratorical"],
      "lat": 34.8457,
      "lng": -82.3658
    },
    {
      "post_number": "85",
      "post_name": "Spokane Post 85",
      "address": "5826 N Lidgerwood St",
      "city": "Spokane",
      "state": "WA",
      "zip_code": "99208",
      "phone": "(509) 325-0300",
      "website": "https://alpost85.org",
      "email": "info@alpost85.org",
      "department": "Washington",
      "attributes": ["Canteen", "Hall Rental"],
      "programs": ["Baseball", "Boys State", "Girls State", "Legion Riders", "Oratorical", "Sons of The American Legion"],
      "lat": 47.7125,
      "lng": -117.4050
    },
    {
      "post_number": "99",
      "post_name": "San Francisco Post 99",
      "address": "1601 Sloat Blvd",
      "city": "San Francisco",
      "state": "CA",
      "zip_code": "94132",
      "phone": "(415) 665-5555",
      "website": null,
      "email": null,
      "department": "California",
      "attributes": ["Hall Rental"],
      "programs": ["Boys State", "Oratorical"],
      "lat": 37.7352,
      "lng": -122.4850
    },
    {
      "post_number": "102",
      "post_name": "Jacksonville Beach Post 102",
      "address": "1127 Atlantic Blvd",
      "city": "Atlantic Beach",
      "state": "FL",
      "zip_code": "32233",
      "phone": "(904) 241-0211",
      "website": "https://alpost102.com",
      "email": "post102@alpost102.com",
      "department": "Florida",
      "attributes": ["Canteen", "Hall Rental"],
      "programs": ["Baseball", "Boys State", "Girls State", "Legion Riders", "Oratorical", "Sons of The American Legion"],
      "lat": 30.3219,
      "lng": -81.3989
    },
    {
      "post_number": "134",
      "post_name": "Atlanta Post 134",
      "address": "3035 Mt Zion Rd",
      "city": "Stockbridge",
      "state": "GA",
      "zip_code": "30281",
      "phone": "(678) 432-5199",
      "website": null,
      "email": null,
      "department": "Georgia",
      "attributes": ["Hall Rental"],
      "programs": ["Boys State", "Girls State", "Oratorical"],
      "lat": 33.5212,
      "lng": -84.2240
    },
    {
      "post_number": "147",
      "post_name": "Phoenix Thunderbird Post 147",
      "address": "802 E Skinner Dr",
      "city": "Phoenix",
      "state": "AZ",
      "zip_code": "85020",
      "phone": "(602) 943-5040",
      "website": "https://phoenixpost147.org",
      "email": "info@phoenixpost147.org",
      "department": "Arizona",
      "attributes": ["Canteen", "Hall Rental"],
      "programs": ["Baseball", "Boys State", "Girls State", "Junior Shooting Sports", "Legion Riders", "Oratorical", "Sons of The American Legion"],
      "lat": 33.5625,
      "lng": -112.0651
    },
    {
      "post_number": "176",
      "post_name": "Dubuque Post 176",
      "address": "2790 Cantrell Rd",
      "city": "Dubuque",
      "state": "IA",
      "zip_code": "52001",
      "phone": "(563) 582-3271",
      "website": null,
      "email": null,
      "department": "Iowa",
      "attributes": ["Canteen", "Hall Rental"],
      "programs": ["Baseball", "Boys State", "Oratorical"],
      "lat": 42.5217,
      "lng": -90.6989
    }
  ]
}
