{
  "source": "Feeding America Food Bank Network",
  "source_url": "https://www.feedingamerica.org/find-your-local-foodbank",
  "last_updated": "2026-01-29T04:12:14.078067+00:00",
  "total_food_banks": 199,
  "notes": "Data extracted from Feeding America sitemap. Contact information requires scraping individual pages.",
  "food_banks": [
    {
      "name": "Akron Canton Regional Food Bank",
      "slug": "akron-canton-regional-foodbank",
      "state": "OH",
      "website": null,
      "phone": null,
      "email": null,
      "address": null,
      "city": null,
      "zip_code": null,
      "counties": [],
      "service_area": null
    },
    {
      "name": "Alameda County Community Food Bank",
      "slug": "alameda-county-community-food-bank",
      "state": "CA",
      "website": null,
      "phone": null,
      "email": null,
      "address": null,
      "city": null,
      "zip_code": null,
      "counties": [],
      "service_area": null
    },
    {
      "name": "All Faiths Food Bank",
      "slug": "all-faiths-food-bank",
      "state": "FL",
      "website": null,
      "phone": null,
      "email": null,
      "address": null,
      "city": null,
      "zip_code": null,
      "counties": [],
      "service_area": null
    },
    {
      "name": "America's Second Harvest of the Big Bend",
      "slug": "americas-second-harvest-of-the-big-bend-inc",
      "state": "FL",
      "website": null,
      "phone": null,
      "email": null,
      "address": null,
      "city": null,
      "zip_code": null,
      "counties": [],
      "service_area": null
    },
    {
      "name": "Arkansas Food Bank",
      "slug": "arkansas-foodbank",
      "state": "AR",
      "website": null,
      "phone": null,
      "email": null,
      "address": null,
      "city": null,
      "zip_code": null,
      "counties": [],
      "service_area": null
    },
    {
      "name": "Atlanta Community Food Bank",
      "slug": "atlanta-community-food-bank",
      "state": "GA",
      "website": null,
      "phone": null,
      "email": null,
      "address": null,
      "city": null,
      "zip_code": null,
      "counties": [],
      "service_area": null
    },
    {
      "name": "Banco de Alimentos de Puerto Rico",
      "slug": "banco-de-alimentos-de-puerto-rico",
      "state": "PR",
      "website": null,
      "phone": null,
      "email": null,
      "address": null,
      "city": null,
      "zip_code": null,
      "counties": [],
      "service_area": null
    },
    {
      "name": "Blue Ridge Area Food Bank",
      "slug": "blue-ridge-area-food-bank-inc",
      "state": "VA",
      "website": null,
      "phone": null,
      "email": null,
      "address": null,
      "city": null,
      "zip_code": null,
      "counties": [],
      "service_area": null
    },
    {
      "name": "Capital Area Food Bank",
      "slug": "capital-area-food-bank",
      "state": "DC",
      "website": null,
      "phone": null,
      "email": null,
      "address": null,
      "city": null,
      "zip_code": null,
      "counties": [],
      "service_area": null
    },
    {
      "name": "Care and Share Food Bank",
      "slug": "care-and-share-food-bank",
      "state": "CO",
      "website": null,
      "phone": null,
      "email": null,
      "address": null,
      "city": null,
      "zip_code": null,
      "counties": [],
      "service_area": null
    },
    {
      "name": "Central California Food Bank",
      "slug": "central-california-food-bank",
      "state": "CA",
      "website": null,
      "phone": null,
      "email": null,
      "address": null,
      "city": null,
      "zip_code": null,
      "counties": [],
      "service_area": null
    },
    {
      "name": "Central Illinois Food Bank",
      "slug": "central-illinois-foodbank",
      "state": "IL",
      "website": null,
      "phone": null,
      "email": null,
      "address": null,
      "city": null,
      "zip_code": null,
      "counties": [],
      "service_area": null
    },
    {
      "name": "Central Pennsylvania Food Bank",
      "slug": "central-pennsylvania-food-bank",
      "state": "PA",
      "website": null,
      "phone": null,
      "email": null,
      "address": null,
      "city": null,
      "zip_code": null,
      "counties": [],
      "service_area": null
    },
    {
      "name": "Central Texas Food Bank",
      "slug": "central-texas-food-bank",
      "state": "TX",
      "website": null,
      "phone": null,
      "email": null,
      "address": null,
      "city": null,
      "zip_code": null,
      "counties": [],
      "service_area": null
    },
    {
      "name": "Channel One Food Bank",
      "slug": "channel-one-food-bank",
      "state": "MN",
      "website": null,
      "phone": null,
      "email": null,
      "address": null,
      "city": null,
      "zip_code": null,
      "counties": [],
      "service_area": null
    },
    {
      "name": "Chattanooga Area Food Bank",
      "slug": "chattanooga-area-food-bank",
      "state": "TN",
      "website": null,
      "phone": null,
      "email": null,
      "address": null,
      "city": null,
      "zip_code": null,
      "counties": [],
      "service_area": null
    },
    {
      "name": "City Harvest",
      "slug": "city-harvest",
      "state": "NY",
      "website": null,
      "phone": null,
      "email": null,
      "address": null,
      "city": null,
      "zip_code": null,
      "counties": [],
      "service_area": null
    },
    {
      "name": "Coastal Bend Food Bank",
      "slug": "coastal-bend-food-bank",
      "state": "TX",
      "website": null,
      "phone": null,
      "email": null,
      "address": null,
      "city": null,
      "zip_code": null,
      "counties": [],
      "service_area": null
    },
    {
      "name": "Community Food Bank of Central Alabama",
      "slug": "community-food-bank-of-central-alabama",
      "state": "AL",
      "website": null,
      "phone": null,
      "email": null,
      "address": null,
      "city": null,
      "zip_code": null,
      "counties": [],
      "service_area": null
    },
    {
      "name": "Community Food Bank of Eastern Oklahoma",
      "slug": "community-food-bank-of-eastern-oklahoma",
      "state": "OK",
      "website": null,
      "phone": null,
      "email": null,
      "address": null,
      "city": null,
      "zip_code": null,
      "counties": [],
      "service_area": null
    },
    {
      "name": "Community Food Bank of Southern Arizona",
      "slug": "community-food-bank-of-southern-arizona",
      "state": "AZ",
      "website": null,
      "phone": null,
      "email": null,
      "address": null,
      "city": null,
      "zip_code": null,
      "counties": [],
      "service_area": null
    },
    {
      "name": "Community Food Share",
      "slug": "community-food-share",
      "state": "CO",
      "website": null,
      "phone": null,
      "email": null,
      "address": null,
      "city": null,
      "zip_code": null,
      "counties": [],
      "service_area": null
    },
    {
      "name": "Community Food Bank of New Jersey",
      "slug": "community-foodbank-of-new-jersey",
      "state": "NJ",
      "website": null,
      "phone": null,
      "email": null,
      "address": null,
      "city": null,
      "zip_code": null,
      "counties": [],
      "service_area": null
    },
    {
      "name": "Community Harvest Food Bank of Northeast Indiana",
      "slug": "community-harvest-food-bank-of-northeast-indiana-inc",
      "state": "IN",
      "website": null,
      "phone": null,
      "email": null,
      "address": null,
      "city": null,
      "zip_code": null,
      "counties": [],
      "service_area": null
    },
    {
      "name": "Connecticut Food Bank",
      "slug": "connecticut-food-bank",
      "state": "CT",
      "website": null,
      "phone": null,
      "email": null,
      "address": null,
      "city": null,
      "zip_code": null,
      "counties": [],
      "service_area": null
    },
    {
      "name": "Dare to Care Food Bank",
      "slug": "dare-to-care-food-bank",
      "state": "KY",
      "website": null,
      "phone": null,
      "email": null,
      "address": null,
      "city": null,
      "zip_code": null,
      "counties": [],
      "service_area": null
    },
    {
      "name": "East Texas Food Bank",
      "slug": "east-texas-food-bank",
      "state": "TX",
      "website": null,
      "phone": null,
      "email": null,
      "address": null,
      "city": null,
      "zip_code": null,
      "counties": [],
      "service_area": null
    },
    {
      "name": "Eastern Illinois Food Bank",
      "slug": "eastern-illinois-foodbank",
      "state": "IL",
      "website": null,
      "phone": null,
      "email": null,
      "address": null,
      "city": null,
      "zip_code": null,
      "counties": [],
      "service_area": null
    },
    {
      "name": "El Pasoans Fighting Hunger Food Bank",
      "slug": "el-pasoans-fighting-hunger",
      "state": "TX",
      "website": null,
      "phone": null,
      "email": null,
      "address": null,
      "city": null,
      "zip_code": null,
      "counties": [],
      "service_area": null
    },
    {
      "name": "Facing Hunger Food Bank",
      "slug": "facing-hunger-foodbank",
      "state": "WV",
      "website": null,
      "phone": null,
      "email": null,
      "address": null,
      "city": null,
      "zip_code": null,
      "counties": [],
      "service_area": null
    },
    {
      "name": "Feed More",
      "slug": "feed-more",
      "state": "VA",
      "website": null,
      "phone": null,
      "email": null,
      "address": null,
      "city": null,
      "zip_code": null,
      "counties": [],
      "service_area": null
    },
    {
      "name": "Feeding America Eastern Wisconsin",
      "slug": "feeding-america-eastern-wisconsin",
      "state": "WI",
      "website": null,
      "phone": null,
      "email": null,
      "address": null,
      "city": null,
      "zip_code": null,
      "counties": [],
      "service_area": null
    },
    {
      "name": "Feeding America Kentuckys Heartland",
      "slug": "feeding-america-kentuckys-heartland",
      "state": "KY",
      "website": null,
      "phone": null,
      "email": null,
      "address": null,
      "city": null,
      "zip_code": null,
      "counties": [],
      "service_area": null
    },
    {
      "name": "Feeding America Riverside San Bernardino Counties",
      "slug": "feeding-america-riverside-san-bernardino-counties",
      "state": "CA",
      "website": null,
      "phone": null,
      "email": null,
      "address": null,
      "city": null,
      "zip_code": null,
      "counties": [],
      "service_area": null
    },
    {
      "name": "Feeding America Southwest Virginia",
      "slug": "feeding-america-southwest-virginia",
      "state": "VA",
      "website": null,
      "phone": null,
      "email": null,
      "address": null,
      "city": null,
      "zip_code": null,
      "counties": [],
      "service_area": null
    },
    {
      "name": "Feeding America West Michigan Food Bank",
      "slug": "feeding-america-west-michigan-food-bank",
      "state": "MI",
      "website": null,
      "phone": null,
      "email": null,
      "address": null,
      "city": null,
      "zip_code": null,
      "counties": [],
      "service_area": null
    },
    {
      "name": "Feeding Foothills",
      "slug": "feeding-foothills",
      "state": "NC",
      "website": null,
      "phone": null,
      "email": null,
      "address": null,
      "city": null,
      "zip_code": null,
      "counties": [],
      "service_area": null
    },
    {
      "name": "Feeding Northeast Florida",
      "slug": "feeding-northeast-florida",
      "state": "FL",
      "website": null,
      "phone": null,
      "email": null,
      "address": null,
      "city": null,
      "zip_code": null,
      "counties": [],
      "service_area": null
    },
    {
      "name": "Feeding San Diego",
      "slug": "feeding-san-diego",
      "state": "CA",
      "website": null,
      "phone": null,
      "email": null,
      "address": null,
      "city": null,
      "zip_code": null,
      "counties": [],
      "service_area": null
    },
    {
      "name": "Feeding South Dakota",
      "slug": "feeding-south-dakota",
      "state": "SD",
      "website": null,
      "phone": null,
      "email": null,
      "address": null,
      "city": null,
      "zip_code": null,
      "counties": [],
      "service_area": null
    },
    {
      "name": "Feeding South Florida",
      "slug": "feeding-south-florida",
      "state": "FL",
      "website": null,
      "phone": null,
      "email": null,
      "address": null,
      "city": null,
      "zip_code": null,
      "counties": [],
      "service_area": null
    },
    {
      "name": "Feeding Tampa Bay",
      "slug": "feeding-tampa-bay",
      "state": "FL",
      "website": null,
      "phone": null,
      "email": null,
      "address": null,
      "city": null,
      "zip_code": null,
      "counties": [],
      "service_area": null
    },
    {
      "name": "Feeding the Gulf Coast",
      "slug": "feeding-the-gulf-coast",
      "state": "AL",
      "website": null,
      "phone": null,
      "email": null,
      "address": null,
      "city": null,
      "zip_code": null,
      "counties": [],
      "service_area": null
    },
    {
      "name": "Feeding the Valley Food Bank",
      "slug": "feeding-the-valley-food-bank",
      "state": "GA",
      "website": null,
      "phone": null,
      "email": null,
      "address": null,
      "city": null,
      "zip_code": null,
      "counties": [],
      "service_area": null
    },
    {
      "name": "Feeding Westchester",
      "slug": "feeding-westchester",
      "state": "NY",
      "website": null,
      "phone": null,
      "email": null,
      "address": null,
      "city": null,
      "zip_code": null,
      "counties": [],
      "service_area": null
    },
    {
      "name": "Food Bank for Larimer County",
      "slug": "food-bank-for-larimer-county",
      "state": "CO",
      "website": null,
      "phone": null,
      "email": null,
      "address": null,
      "city": null,
      "zip_code": null,
      "counties": [],
      "service_area": null
    },
    {
      "name": "Food Bank for Monterey County",
      "slug": "food-bank-for-monterey-county",
      "state": "CA",
      "website": null,
      "phone": null,
      "email": null,
      "address": null,
      "city": null,
      "zip_code": null,
      "counties": [],
      "service_area": null
    },
    {
      "name": "Food Bank for New York City",
      "slug": "food-bank-for-new-york-city",
      "state": "NY",
      "website": null,
      "phone": null,
      "email": null,
      "address": null,
      "city": null,
      "zip_code": null,
      "counties": [],
      "service_area": null
    },
    {
      "name": "Food Bank for the Heartland",
      "slug": "food-bank-for-the-heartland",
      "state": "NE",
      "website": null,
      "phone": null,
      "email": null,
      "address": null,
      "city": null,
      "zip_code": null,
      "counties": [],
      "service_area": null
    },
    {
      "name": "Food Bank of Alaska",
      "slug": "food-bank-of-alaska-inc",
      "state": "AK",
      "website": null,
      "phone": null,
      "email": null,
      "address": null,
      "city": null,
      "zip_code": null,
      "counties": [],
      "service_area": null
    },
    {
      "name": "Food Bank of Central and Eastern North Carolina",
      "slug": "food-bank-of-central-and-eastern-north-carolina",
      "state": "NC",
      "website": null,
      "phone": null,
      "email": null,
      "address": null,
      "city": null,
      "zip_code": null,
      "counties": [],
      "service_area": null
    },
    {
      "name": "Food Bank of Central Louisiana",
      "slug": "food-bank-of-central-louisiana",
      "state": "LA",
      "website": null,
      "phone": null,
      "email": null,
      "address": null,
      "city": null,
      "zip_code": null,
      "counties": [],
      "service_area": null
    },
    {
      "name": "Food Bank of Central New York",
      "slug": "food-bank-of-central-new-york",
      "state": "NY",
      "website": null,
      "phone": null,
      "email": null,
      "address": null,
      "city": null,
      "zip_code": null,
      "counties": [],
      "service_area": null
    },
    {
      "name": "Food Bank of Contra Costa and Solano",
      "slug": "food-bank-of-contra-costa-and-solano",
      "state": "CA",
      "website": null,
      "phone": null,
      "email": null,
      "address": null,
      "city": null,
      "zip_code": null,
      "counties": [],
      "service_area": null
    },
    {
      "name": "Food Bank of Delaware",
      "slug": "food-bank-of-delaware",
      "state": "DE",
      "website": null,
      "phone": null,
      "email": null,
      "address": null,
      "city": null,
      "zip_code": null,
      "counties": [],
      "service_area": null
    },
    {
      "name": "Food Bank of Eastern Michigan",
      "slug": "food-bank-of-eastern-michigan",
      "state": "MI",
      "website": null,
      "phone": null,
      "email": null,
      "address": null,
      "city": null,
      "zip_code": null,
      "counties": [],
      "service_area": null
    },
    {
      "name": "Food Bank of Iowa",
      "slug": "food-bank-of-iowa",
      "state": "IA",
      "website": null,
      "phone": null,
      "email": null,
      "address": null,
      "city": null,
      "zip_code": null,
      "counties": [],
      "service_area": null
    },
    {
      "name": "Food Bank of Lincoln",
      "slug": "food-bank-of-lincoln-inc",
      "state": "NE",
      "website": null,
      "phone": null,
      "email": null,
      "address": null,
      "city": null,
      "zip_code": null,
      "counties": [],
      "service_area": null
    },
    {
      "name": "Food Bank of North Alabama",
      "slug": "food-bank-of-north-alabama",
      "state": "AL",
      "website": null,
      "phone": null,
      "email": null,
      "address": null,
      "city": null,
      "zip_code": null,
      "counties": [],
      "service_area": null
    },
    {
      "name": "Food Bank of Northeast Arkansas",
      "slug": "food-bank-of-northeast-arkansas",
      "state": "AR",
      "website": null,
      "phone": null,
      "email": null,
      "address": null,
      "city": null,
      "zip_code": null,
      "counties": [],
      "service_area": null
    },
    {
      "name": "Food Bank of Northeast Georgia",
      "slug": "food-bank-of-northeast-georgia",
      "state": "GA",
      "website": null,
      "phone": null,
      "email": null,
      "address": null,
      "city": null,
      "zip_code": null,
      "counties": [],
      "service_area": null
    },
    {
      "name": "Food Bank of Northeast Louisiana",
      "slug": "food-bank-of-northeast-louisiana",
      "state": "LA",
      "website": null,
      "phone": null,
      "email": null,
      "address": null,
      "city": null,
      "zip_code": null,
      "counties": [],
      "service_area": null
    },
    {
      "name": "Food Bank of Northern Indiana",
      "slug": "food-bank-of-northern-indiana",
      "state": "IN",
      "website": null,
      "phone": null,
      "email": null,
      "address": null,
      "city": null,
      "zip_code": null,
      "counties": [],
      "service_area": null
    },
    {
      "name": "Food Bank of Northern Nevada",
      "slug": "food-bank-of-northern-nevada",
      "state": "NV",
      "website": null,
      "phone": null,
      "email": null,
      "address": null,
      "city": null,
      "zip_code": null,
      "counties": [],
      "service_area": null
    },
    {
      "name": "Food Bank of Northwest Indiana",
      "slug": "food-bank-of-northwest-indiana-inc",
      "state": "IN",
      "website": null,
      "phone": null,
      "email": null,
      "address": null,
      "city": null,
      "zip_code": null,
      "counties": [],
      "service_area": null
    },
    {
      "name": "Food Bank of Northwest Louisiana",
      "slug": "food-bank-of-northwest-louisiana",
      "state": "LA",
      "website": null,
      "phone": null,
      "email": null,
      "address": null,
      "city": null,
      "zip_code": null,
      "counties": [],
      "service_area": null
    },
    {
      "name": "Food Bank of South Central Michigan",
      "slug": "food-bank-of-south-central-michigan",
      "state": "MI",
      "website": null,
      "phone": null,
      "email": null,
      "address": null,
      "city": null,
      "zip_code": null,
      "counties": [],
      "service_area": null
    },
    {
      "name": "Food Bank of South Jersey",
      "slug": "food-bank-of-south-jersey",
      "state": "NJ",
      "website": null,
      "phone": null,
      "email": null,
      "address": null,
      "city": null,
      "zip_code": null,
      "counties": [],
      "service_area": null
    },
    {
      "name": "Food Bank of the Albemarle",
      "slug": "food-bank-of-the-albemarle",
      "state": "NC",
      "website": null,
      "phone": null,
      "email": null,
      "address": null,
      "city": null,
      "zip_code": null,
      "counties": [],
      "service_area": null
    },
    {
      "name": "Food Bank of the Golden Crescent",
      "slug": "food-bank-of-the-golden-crescent",
      "state": "TX",
      "website": null,
      "phone": null,
      "email": null,
      "address": null,
      "city": null,
      "zip_code": null,
      "counties": [],
      "service_area": null
    },
    {
      "name": "Food Bank of the Rio Grande Valley",
      "slug": "food-bank-of-the-rio-grande-valley-inc",
      "state": "TX",
      "website": null,
      "phone": null,
      "email": null,
      "address": null,
      "city": null,
      "zip_code": null,
      "counties": [],
      "service_area": null
    },
    {
      "name": "Food Bank of the Rockies",
      "slug": "food-bank-of-the-rockies",
      "state": "CO",
      "website": null,
      "phone": null,
      "email": null,
      "address": null,
      "city": null,
      "zip_code": null,
      "counties": [],
      "service_area": null
    },
    {
      "name": "Food Bank of the Southern Tier",
      "slug": "food-bank-of-the-southern-tier",
      "state": "NY",
      "website": null,
      "phone": null,
      "email": null,
      "address": null,
      "city": null,
      "zip_code": null,
      "counties": [],
      "service_area": null
    },
    {
      "name": "Food Bank of West Central Texas",
      "slug": "food-bank-of-west-central-texas",
      "state": "TX",
      "website": null,
      "phone": null,
      "email": null,
      "address": null,
      "city": null,
      "zip_code": null,
      "counties": [],
      "service_area": null
    },
    {
      "name": "Food Bank of Western Massachusetts",
      "slug": "food-bank-of-western-massachusetts",
      "state": "MA",
      "website": null,
      "phone": null,
      "email": null,
      "address": null,
      "city": null,
      "zip_code": null,
      "counties": [],
      "service_area": null
    },
    {
      "name": "Food Bank of Western New York",
      "slug": "food-bank-of-western-new-york",
      "state": "NY",
      "website": null,
      "phone": null,
      "email": null,
      "address": null,
      "city": null,
      "zip_code": null,
      "counties": [],
      "service_area": null
    },
    {
      "name": "Food Finders Food Bank",
      "slug": "food-finders-food-bank-inc",
      "state": "IN",
      "website": null,
      "phone": null,
      "email": null,
      "address": null,
      "city": null,
      "zip_code": null,
      "counties": [],
      "service_area": null
    },
    {
      "name": "Food Gatherers",
      "slug": "food-gatherers",
      "state": "MI",
      "website": null,
      "phone": null,
      "email": null,
      "address": null,
      "city": null,
      "zip_code": null,
      "counties": [],
      "service_area": null
    },
    {
      "name": "Food Lifeline",
      "slug": "food-lifeline",
      "state": "WA",
      "website": null,
      "phone": null,
      "email": null,
      "address": null,
      "city": null,
      "zip_code": null,
      "counties": [],
      "service_area": null
    },
    {
      "name": "Food Share",
      "slug": "food-share-inc",
      "state": "CA",
      "website": null,
      "phone": null,
      "email": null,
      "address": null,
      "city": null,
      "zip_code": null,
      "counties": [],
      "service_area": null
    },
    {
      "name": "Food Bank of Santa Barbara County",
      "slug": "foodbank-of-santa-barbara-county",
      "state": "CA",
      "website": null,
      "phone": null,
      "email": null,
      "address": null,
      "city": null,
      "zip_code": null,
      "counties": [],
      "service_area": null
    },
    {
      "name": "Food Bank of Southeastern Virginia",
      "slug": "foodbank-of-southeastern-virginia",
      "state": "VA",
      "website": null,
      "phone": null,
      "email": null,
      "address": null,
      "city": null,
      "zip_code": null,
      "counties": [],
      "service_area": null
    },
    {
      "name": "Foodlink",
      "slug": "foodlink-inc",
      "state": "NY",
      "website": null,
      "phone": null,
      "email": null,
      "address": null,
      "city": null,
      "zip_code": null,
      "counties": [],
      "service_area": null
    },
    {
      "name": "Foodshare",
      "slug": "foodshare",
      "state": "CT",
      "website": null,
      "phone": null,
      "email": null,
      "address": null,
      "city": null,
      "zip_code": null,
      "counties": [],
      "service_area": null
    },
    {
      "name": "Forgotten Harvest",
      "slug": "forgotten-harvest",
      "state": "MI",
      "website": null,
      "phone": null,
      "email": null,
      "address": null,
      "city": null,
      "zip_code": null,
      "counties": [],
      "service_area": null
    },
    {
      "name": "Fredericksburg Regional Food Bank",
      "slug": "fredericksburg-regional-foodbank",
      "state": "VA",
      "website": null,
      "phone": null,
      "email": null,
      "address": null,
      "city": null,
      "zip_code": null,
      "counties": [],
      "service_area": null
    },
    {
      "name": "Freestore Food Bank",
      "slug": "freestore-foodbank",
      "state": "OH",
      "website": null,
      "phone": null,
      "email": null,
      "address": null,
      "city": null,
      "zip_code": null,
      "counties": [],
      "service_area": null
    },
    {
      "name": "Fulfill the Food Bank of Monmouth and Ocean Counties",
      "slug": "fulfill-the-foodbank-of-monmouth-and-ocean-counties-inc",
      "state": "NJ",
      "website": null,
      "phone": null,
      "email": null,
      "address": null,
      "city": null,
      "zip_code": null,
      "counties": [],
      "service_area": null
    },
    {
      "name": "Gleaners Community Food Bank of Southeastern Michigan",
      "slug": "gleaners-community-food-bank-of-southeastern-michigan",
      "state": "MI",
      "website": null,
      "phone": null,
      "email": null,
      "address": null,
      "city": null,
      "zip_code": null,
      "counties": [],
      "service_area": null
    },
    {
      "name": "Gleaners Food Bank of Indiana",
      "slug": "gleaners-food-bank-of-indiana-inc",
      "state": "IN",
      "website": null,
      "phone": null,
      "email": null,
      "address": null,
      "city": null,
      "zip_code": null,
      "counties": [],
      "service_area": null
    },
    {
      "name": "God's Pantry Food Bank",
      "slug": "gods-pantry-food-bank-inc",
      "state": "KY",
      "website": null,
      "phone": null,
      "email": null,
      "address": null,
      "city": null,
      "zip_code": null,
      "counties": [],
      "service_area": null
    },
    {
      "name": "Golden Harvest Food Bank",
      "slug": "golden-harvest-food-bank",
      "state": "GA",
      "website": null,
      "phone": null,
      "email": null,
      "address": null,
      "city": null,
      "zip_code": null,
      "counties": [],
      "service_area": null
    },
    {
      "name": "Good Shepherd Food Bank",
      "slug": "good-shepherd-food-bank",
      "state": "ME",
      "website": null,
      "phone": null,
      "email": null,
      "address": null,
      "city": null,
      "zip_code": null,
      "counties": [],
      "service_area": null
    },
    {
      "name": "Great Plains Food Bank",
      "slug": "great-plains-food-bank",
      "state": "ND",
      "website": null,
      "phone": null,
      "email": null,
      "address": null,
      "city": null,
      "zip_code": null,
      "counties": [],
      "service_area": null
    },
    {
      "name": "Greater Baton Rouge Food Bank",
      "slug": "greater-baton-rouge-food-bank",
      "state": "LA",
      "website": null,
      "phone": null,
      "email": null,
      "address": null,
      "city": null,
      "zip_code": null,
      "counties": [],
      "service_area": null
    },
    {
      "name": "Greater Berks Food Bank",
      "slug": "greater-berks-food-bank",
      "state": "PA",
      "website": null,
      "phone": null,
      "email": null,
      "address": null,
      "city": null,
      "zip_code": null,
      "counties": [],
      "service_area": null
    },
    {
      "name": "Greater Chicago Food Depository",
      "slug": "greater-chicago-food-depository",
      "state": "IL",
      "website": null,
      "phone": null,
      "email": null,
      "address": null,
      "city": null,
      "zip_code": null,
      "counties": [],
      "service_area": null
    },
    {
      "name": "Greater Cleveland Food Bank",
      "slug": "greater-cleveland-food-bank-inc",
      "state": "OH",
      "website": null,
      "phone": null,
      "email": null,
      "address": null,
      "city": null,
      "zip_code": null,
      "counties": [],
      "service_area": null
    },
    {
      "name": "Greater Lansing Food Bank",
      "slug": "greater-lansing-food-bank",
      "state": "MI",
      "website": null,
      "phone": null,
      "email": null,
      "address": null,
      "city": null,
      "zip_code": null,
      "counties": [],
      "service_area": null
    },
    {
      "name": "Greater Pittsburgh Community Food Bank",
      "slug": "greater-pittsburgh-community-food-bank",
      "state": "PA",
      "website": null,
      "phone": null,
      "email": null,
      "address": null,
      "city": null,
      "zip_code": null,
      "counties": [],
      "service_area": null
    },
    {
      "name": "HACAP Food Reservoir",
      "slug": "hacap-food-reservoir",
      "state": "IA",
      "website": null,
      "phone": null,
      "email": null,
      "address": null,
      "city": null,
      "zip_code": null,
      "counties": [],
      "service_area": null
    },
    {
      "name": "Harry Chapin Food Bank of Southwest Florida",
      "slug": "harry-chapin-food-bank-of-southwest-florida",
      "state": "FL",
      "website": null,
      "phone": null,
      "email": null,
      "address": null,
      "city": null,
      "zip_code": null,
      "counties": [],
      "service_area": null
    },
    {
      "name": "Harvest Hope Food Bank",
      "slug": "harvest-hope-food-bank",
      "state": "SC",
      "website": null,
      "phone": null,
      "email": null,
      "address": null,
      "city": null,
      "zip_code": null,
      "counties": [],
      "service_area": null
    },
    {
      "name": "Harvest Regional Food Bank",
      "slug": "harvest-regional-food-bank-inc",
      "state": "TX",
      "website": null,
      "phone": null,
      "email": null,
      "address": null,
      "city": null,
      "zip_code": null,
      "counties": [],
      "service_area": null
    },
    {
      "name": "Harvesters the Community Food Network",
      "slug": "harvesters-the-community-food-network",
      "state": "MO",
      "website": null,
      "phone": null,
      "email": null,
      "address": null,
      "city": null,
      "zip_code": null,
      "counties": [],
      "service_area": null
    },
    {
      "name": "Hawaii Food Bank",
      "slug": "hawaii-foodbank-inc",
      "state": "HI",
      "website": null,
      "phone": null,
      "email": null,
      "address": null,
      "city": null,
      "zip_code": null,
      "counties": [],
      "service_area": null
    },
    {
      "name": "High Plains Food Bank",
      "slug": "high-plains-food-bank",
      "state": "TX",
      "website": null,
      "phone": null,
      "email": null,
      "address": null,
      "city": null,
      "zip_code": null,
      "counties": [],
      "service_area": null
    },
    {
      "name": "Hoosier Hills Food Bank",
      "slug": "hoosier-hills-food-bank",
      "state": "IN",
      "website": null,
      "phone": null,
      "email": null,
      "address": null,
      "city": null,
      "zip_code": null,
      "counties": [],
      "service_area": null
    },
    {
      "name": "Houston Food Bank",
      "slug": "houston-food-bank",
      "state": "TX",
      "website": null,
      "phone": null,
      "email": null,
      "address": null,
      "city": null,
      "zip_code": null,
      "counties": [],
      "service_area": null
    },
    {
      "name": "Inter Faith Food Shuttle",
      "slug": "inter-faith-food-shuttle",
      "state": "NC",
      "website": null,
      "phone": null,
      "email": null,
      "address": null,
      "city": null,
      "zip_code": null,
      "counties": [],
      "service_area": null
    },
    {
      "name": "Island Harvest",
      "slug": "island-harvest",
      "state": "NY",
      "website": null,
      "phone": null,
      "email": null,
      "address": null,
      "city": null,
      "zip_code": null,
      "counties": [],
      "service_area": null
    },
    {
      "name": "Kansas Food Bank",
      "slug": "kansas-food-bank",
      "state": "KS",
      "website": null,
      "phone": null,
      "email": null,
      "address": null,
      "city": null,
      "zip_code": null,
      "counties": [],
      "service_area": null
    },
    {
      "name": "Long Island Cares",
      "slug": "long-island-cares-inc",
      "state": "NY",
      "website": null,
      "phone": null,
      "email": null,
      "address": null,
      "city": null,
      "zip_code": null,
      "counties": [],
      "service_area": null
    },
    {
      "name": "Los Angeles Regional Food Bank",
      "slug": "los-angeles-regional-food-bank",
      "state": "CA",
      "website": null,
      "phone": null,
      "email": null,
      "address": null,
      "city": null,
      "zip_code": null,
      "counties": [],
      "service_area": null
    },
    {
      "name": "Lowcountry Food Bank",
      "slug": "lowcountry-food-bank",
      "state": "SC",
      "website": null,
      "phone": null,
      "email": null,
      "address": null,
      "city": null,
      "zip_code": null,
      "counties": [],
      "service_area": null
    },
    {
      "name": "Manna Food Bank",
      "slug": "manna-foodbank",
      "state": "NC",
      "website": null,
      "phone": null,
      "email": null,
      "address": null,
      "city": null,
      "zip_code": null,
      "counties": [],
      "service_area": null
    },
    {
      "name": "Maryland Food Bank",
      "slug": "maryland-food-bank",
      "state": "MD",
      "website": null,
      "phone": null,
      "email": null,
      "address": null,
      "city": null,
      "zip_code": null,
      "counties": [],
      "service_area": null
    },
    {
      "name": "Mercer County Food Bank",
      "slug": "mercer-county-food-bank",
      "state": "PA",
      "website": null,
      "phone": null,
      "email": null,
      "address": null,
      "city": null,
      "zip_code": null,
      "counties": [],
      "service_area": null
    },
    {
      "name": "Mid Ohio Food Bank",
      "slug": "mid-ohio-foodbank",
      "state": "OH",
      "website": null,
      "phone": null,
      "email": null,
      "address": null,
      "city": null,
      "zip_code": null,
      "counties": [],
      "service_area": null
    },
    {
      "name": "Mid South Food Bank",
      "slug": "mid-south-food-bank",
      "state": "TN",
      "website": null,
      "phone": null,
      "email": null,
      "address": null,
      "city": null,
      "zip_code": null,
      "counties": [],
      "service_area": null
    },
    {
      "name": "Middle Georgia Community Food Bank",
      "slug": "middle-georgia-community-food-bank",
      "state": "GA",
      "website": null,
      "phone": null,
      "email": null,
      "address": null,
      "city": null,
      "zip_code": null,
      "counties": [],
      "service_area": null
    },
    {
      "name": "Mississippi Food Network",
      "slug": "mississippi-food-network",
      "state": "MS",
      "website": null,
      "phone": null,
      "email": null,
      "address": null,
      "city": null,
      "zip_code": null,
      "counties": [],
      "service_area": null
    },
    {
      "name": "Montana Food Bank Network",
      "slug": "montana-food-bank-network",
      "state": "MT",
      "website": null,
      "phone": null,
      "email": null,
      "address": null,
      "city": null,
      "zip_code": null,
      "counties": [],
      "service_area": null
    },
    {
      "name": "Montgomery Area Food Bank",
      "slug": "montgomery-area-food-bank-inc",
      "state": "AL",
      "website": null,
      "phone": null,
      "email": null,
      "address": null,
      "city": null,
      "zip_code": null,
      "counties": [],
      "service_area": null
    },
    {
      "name": "Mountaineer Food Bank",
      "slug": "mountaineer-food-bank",
      "state": "WV",
      "website": null,
      "phone": null,
      "email": null,
      "address": null,
      "city": null,
      "zip_code": null,
      "counties": [],
      "service_area": null
    },
    {
      "name": "New Hampshire Food Bank",
      "slug": "new-hampshire-food-bank",
      "state": "NH",
      "website": null,
      "phone": null,
      "email": null,
      "address": null,
      "city": null,
      "zip_code": null,
      "counties": [],
      "service_area": null
    },
    {
      "name": "North Country Food Bank",
      "slug": "north-country-food-bank-inc",
      "state": "MN",
      "website": null,
      "phone": null,
      "email": null,
      "address": null,
      "city": null,
      "zip_code": null,
      "counties": [],
      "service_area": null
    },
    {
      "name": "North Texas Food Bank",
      "slug": "north-texas-food-bank",
      "state": "TX",
      "website": null,
      "phone": null,
      "email": null,
      "address": null,
      "city": null,
      "zip_code": null,
      "counties": [],
      "service_area": null
    },
    {
      "name": "Northeast Iowa Food Bank",
      "slug": "northeast-iowa-food-bank",
      "state": "IA",
      "website": null,
      "phone": null,
      "email": null,
      "address": null,
      "city": null,
      "zip_code": null,
      "counties": [],
      "service_area": null
    },
    {
      "name": "Northern Illinois Food Bank",
      "slug": "northern-illinois-food-bank",
      "state": "IL",
      "website": null,
      "phone": null,
      "email": null,
      "address": null,
      "city": null,
      "zip_code": null,
      "counties": [],
      "service_area": null
    },
    {
      "name": "Northwest Arkansas Food Bank",
      "slug": "northwest-arkansas-food-bank",
      "state": "AR",
      "website": null,
      "phone": null,
      "email": null,
      "address": null,
      "city": null,
      "zip_code": null,
      "counties": [],
      "service_area": null
    },
    {
      "name": "Oregon Food Bank",
      "slug": "oregon-food-bank",
      "state": "OR",
      "website": null,
      "phone": null,
      "email": null,
      "address": null,
      "city": null,
      "zip_code": null,
      "counties": [],
      "service_area": null
    },
    {
      "name": "Ozarks Food Harvest",
      "slug": "ozarks-food-harvest",
      "state": "MO",
      "website": null,
      "phone": null,
      "email": null,
      "address": null,
      "city": null,
      "zip_code": null,
      "counties": [],
      "service_area": null
    },
    {
      "name": "Peoria Area Food Bank",
      "slug": "peoria-area-food-bank",
      "state": "IL",
      "website": null,
      "phone": null,
      "email": null,
      "address": null,
      "city": null,
      "zip_code": null,
      "counties": [],
      "service_area": null
    },
    {
      "name": "Philabundance",
      "slug": "philabundance",
      "state": "PA",
      "website": null,
      "phone": null,
      "email": null,
      "address": null,
      "city": null,
      "zip_code": null,
      "counties": [],
      "service_area": null
    },
    {
      "name": "Redwood Empire Food Bank",
      "slug": "redwood-empire-food-bank",
      "state": "CA",
      "website": null,
      "phone": null,
      "email": null,
      "address": null,
      "city": null,
      "zip_code": null,
      "counties": [],
      "service_area": null
    },
    {
      "name": "Regional Food Bank of Northeastern New York",
      "slug": "regional-food-bank-of-northeastern-new-york",
      "state": "NY",
      "website": null,
      "phone": null,
      "email": null,
      "address": null,
      "city": null,
      "zip_code": null,
      "counties": [],
      "service_area": null
    },
    {
      "name": "Regional Food Bank of Oklahoma",
      "slug": "regional-food-bank-of-oklahoma",
      "state": "OK",
      "website": null,
      "phone": null,
      "email": null,
      "address": null,
      "city": null,
      "zip_code": null,
      "counties": [],
      "service_area": null
    },
    {
      "name": "Rhode Island Community Food Bank",
      "slug": "rhode-island-community-food-bank",
      "state": "RI",
      "website": null,
      "phone": null,
      "email": null,
      "address": null,
      "city": null,
      "zip_code": null,
      "counties": [],
      "service_area": null
    },
    {
      "name": "River Bend Food Bank",
      "slug": "river-bend-foodbank",
      "state": "IA",
      "website": null,
      "phone": null,
      "email": null,
      "address": null,
      "city": null,
      "zip_code": null,
      "counties": [],
      "service_area": null
    },
    {
      "name": "River Valley Regional Food Bank",
      "slug": "river-valley-regional-food-bank",
      "state": "AR",
      "website": null,
      "phone": null,
      "email": null,
      "address": null,
      "city": null,
      "zip_code": null,
      "counties": [],
      "service_area": null
    },
    {
      "name": "Roadrunner Food Bank",
      "slug": "roadrunner-food-bank",
      "state": "NM",
      "website": null,
      "phone": null,
      "email": null,
      "address": null,
      "city": null,
      "zip_code": null,
      "counties": [],
      "service_area": null
    },
    {
      "name": "San Antonio Food Bank",
      "slug": "san-antonio-food-bank",
      "state": "TX",
      "website": null,
      "phone": null,
      "email": null,
      "address": null,
      "city": null,
      "zip_code": null,
      "counties": [],
      "service_area": null
    },
    {
      "name": "Southeast Ohio Foodbank",
      "slug": "se-ohio-foodbank",
      "state": "OH",
      "website": null,
      "phone": null,
      "email": null,
      "address": null,
      "city": null,
      "zip_code": null,
      "counties": [],
      "service_area": null
    },
    {
      "name": "Second Harvest Community Food Bank",
      "slug": "second-harvest-community-food-bank",
      "state": "CA",
      "website": null,
      "phone": null,
      "email": null,
      "address": null,
      "city": null,
      "zip_code": null,
      "counties": [],
      "service_area": null
    },
    {
      "name": "Second Harvest Food Bank of Central Florida",
      "slug": "second-harvest-food-bank-of-central-florida",
      "state": "FL",
      "website": null,
      "phone": null,
      "email": null,
      "address": null,
      "city": null,
      "zip_code": null,
      "counties": [],
      "service_area": null
    },
    {
      "name": "Second Harvest Food Bank of East Central Indiana",
      "slug": "second-harvest-food-bank-of-east-central-indiana-inc",
      "state": "IN",
      "website": null,
      "phone": null,
      "email": null,
      "address": null,
      "city": null,
      "zip_code": null,
      "counties": [],
      "service_area": null
    },
    {
      "name": "Second Harvest Food Bank of East Tennessee",
      "slug": "second-harvest-food-bank-of-east-tennessee",
      "state": "TN",
      "website": null,
      "phone": null,
      "email": null,
      "address": null,
      "city": null,
      "zip_code": null,
      "counties": [],
      "service_area": null
    },
    {
      "name": "Second Harvest Food Bank of Greater New Orleans and Acadiana",
      "slug": "second-harvest-food-bank-of-greater-new-orleans-and-acadiana",
      "state": "LA",
      "website": null,
      "phone": null,
      "email": null,
      "address": null,
      "city": null,
      "zip_code": null,
      "counties": [],
      "service_area": null
    },
    {
      "name": "Second Harvest Food Bank of Lehigh Valley and ne Pennsylvania",
      "slug": "second-harvest-food-bank-of-lehigh-valley-and-ne-pennsylvania",
      "state": "PA",
      "website": null,
      "phone": null,
      "email": null,
      "address": null,
      "city": null,
      "zip_code": null,
      "counties": [],
      "service_area": null
    },
    {
      "name": "Second Harvest Food Bank of Metrolina",
      "slug": "second-harvest-food-bank-of-metrolina",
      "state": "NC",
      "website": null,
      "phone": null,
      "email": null,
      "address": null,
      "city": null,
      "zip_code": null,
      "counties": [],
      "service_area": null
    },
    {
      "name": "Second Harvest Food Bank of Middle Tennessee",
      "slug": "second-harvest-food-bank-of-middle-tennessee",
      "state": "TN",
      "website": null,
      "phone": null,
      "email": null,
      "address": null,
      "city": null,
      "zip_code": null,
      "counties": [],
      "service_area": null
    },
    {
      "name": "Second Harvest Food Bank of North Central Ohio",
      "slug": "second-harvest-food-bank-of-north-central-ohio",
      "state": "OH",
      "website": null,
      "phone": null,
      "email": null,
      "address": null,
      "city": null,
      "zip_code": null,
      "counties": [],
      "service_area": null
    },
    {
      "name": "Second Harvest Food Bank of Northeast Tennessee",
      "slug": "second-harvest-food-bank-of-northeast-tennessee",
      "state": "TN",
      "website": null,
      "phone": null,
      "email": null,
      "address": null,
      "city": null,
      "zip_code": null,
      "counties": [],
      "service_area": null
    },
    {
      "name": "Second Harvest Food Bank of Northwest North Carolina",
      "slug": "second-harvest-food-bank-of-northwest-north-carolina",
      "state": "NC",
      "website": null,
      "phone": null,
      "email": null,
      "address": null,
      "city": null,
      "zip_code": null,
      "counties": [],
      "service_area": null
    },
    {
      "name": "Second Harvest Food Bank of Northwest Pennsylvania",
      "slug": "second-harvest-food-bank-of-northwest-pennsylvania",
      "state": "PA",
      "website": null,
      "phone": null,
      "email": null,
      "address": null,
      "city": null,
      "zip_code": null,
      "counties": [],
      "service_area": null
    },
    {
      "name": "Second Harvest Food Bank of Orange County",
      "slug": "second-harvest-food-bank-of-orange-county",
      "state": "CA",
      "website": null,
      "phone": null,
      "email": null,
      "address": null,
      "city": null,
      "zip_code": null,
      "counties": [],
      "service_area": null
    },
    {
      "name": "Second Harvest Food Bank of San Joaquin and Stanislaus Counties",
      "slug": "second-harvest-food-bank-of-san-joaquin-and-stanislaus-counties",
      "state": "CA",
      "website": null,
      "phone": null,
      "email": null,
      "address": null,
      "city": null,
      "zip_code": null,
      "counties": [],
      "service_area": null
    },
    {
      "name": "Second Harvest Food Bank of Southeast North Carolina",
      "slug": "second-harvest-food-bank-of-southeast-north-carolina",
      "state": "NC",
      "website": null,
      "phone": null,
      "email": null,
      "address": null,
      "city": null,
      "zip_code": null,
      "counties": [],
      "service_area": null
    },
    {
      "name": "Second Harvest Food Bank of the Mahoning Valley",
      "slug": "second-harvest-food-bank-of-the-mahoning-valley",
      "state": "OH",
      "website": null,
      "phone": null,
      "email": null,
      "address": null,
      "city": null,
      "zip_code": null,
      "counties": [],
      "service_area": null
    },
    {
      "name": "Second Harvest Food Bank Santa Cruz County",
      "slug": "second-harvest-food-bank-santa-cruz-county",
      "state": "CA",
      "website": null,
      "phone": null,
      "email": null,
      "address": null,
      "city": null,
      "zip_code": null,
      "counties": [],
      "service_area": null
    },
    {
      "name": "Second Harvest Food Bank of Clark Champaign and Logan Counties",
      "slug": "second-harvest-foodbank-of-clark-champaign-and-logan-counties",
      "state": "OH",
      "website": null,
      "phone": null,
      "email": null,
      "address": null,
      "city": null,
      "zip_code": null,
      "counties": [],
      "service_area": null
    },
    {
      "name": "Second Harvest Food Bank of Southern Wisconsin",
      "slug": "second-harvest-foodbank-of-southern-wisconsin",
      "state": "WI",
      "website": null,
      "phone": null,
      "email": null,
      "address": null,
      "city": null,
      "zip_code": null,
      "counties": [],
      "service_area": null
    },
    {
      "name": "Second Harvest Heartland",
      "slug": "second-harvest-heartland",
      "state": "NE",
      "website": null,
      "phone": null,
      "email": null,
      "address": null,
      "city": null,
      "zip_code": null,
      "counties": [],
      "service_area": null
    },
    {
      "name": "Second Harvest Inland Northwest",
      "slug": "second-harvest-inland-northwest",
      "state": "WA",
      "website": null,
      "phone": null,
      "email": null,
      "address": null,
      "city": null,
      "zip_code": null,
      "counties": [],
      "service_area": null
    },
    {
      "name": "Second Harvest North Central Food Bank",
      "slug": "second-harvest-north-central-food-bank",
      "state": "MN",
      "website": null,
      "phone": null,
      "email": null,
      "address": null,
      "city": null,
      "zip_code": null,
      "counties": [],
      "service_area": null
    },
    {
      "name": "Second Harvest Northland",
      "slug": "second-harvest-northland",
      "state": "MN",
      "website": null,
      "phone": null,
      "email": null,
      "address": null,
      "city": null,
      "zip_code": null,
      "counties": [],
      "service_area": null
    },
    {
      "name": "Second Harvest of Coastal Georgia",
      "slug": "second-harvest-of-coastal-georgia-inc",
      "state": "GA",
      "website": null,
      "phone": null,
      "email": null,
      "address": null,
      "city": null,
      "zip_code": null,
      "counties": [],
      "service_area": null
    },
    {
      "name": "Second Harvest of Silicon Valley",
      "slug": "second-harvest-of-silicon-valley",
      "state": "CA",
      "website": null,
      "phone": null,
      "email": null,
      "address": null,
      "city": null,
      "zip_code": null,
      "counties": [],
      "service_area": null
    },
    {
      "name": "Second Harvest of South Georgia",
      "slug": "second-harvest-of-south-georgia-inc",
      "state": "GA",
      "website": null,
      "phone": null,
      "email": null,
      "address": null,
      "city": null,
      "zip_code": null,
      "counties": [],
      "service_area": null
    },
    {
      "name": "SF-Marin Food Bank",
      "slug": "sf-marin-food-banks",
      "state": "CA",
      "website": null,
      "phone": null,
      "email": null,
      "address": null,
      "city": null,
      "zip_code": null,
      "counties": [],
      "service_area": null
    },
    {
      "name": "Shared Harvest Food Bank",
      "slug": "shared-harvest-foodbank",
      "state": "OH",
      "website": null,
      "phone": null,
      "email": null,
      "address": null,
      "city": null,
      "zip_code": null,
      "counties": [],
      "service_area": null
    },
    {
      "name": "South Plains Food Bank",
      "slug": "south-plains-food-bank",
      "state": "TX",
      "website": null,
      "phone": null,
      "email": null,
      "address": null,
      "city": null,
      "zip_code": null,
      "counties": [],
      "service_area": null
    },
    {
      "name": "South Texas Food Bank",
      "slug": "south-texas-food-bank",
      "state": "TX",
      "website": null,
      "phone": null,
      "email": null,
      "address": null,
      "city": null,
      "zip_code": null,
      "counties": [],
      "service_area": null
    },
    {
      "name": "Southeast Missouri Food Bank",
      "slug": "southeast-missouri-food-bank",
      "state": "MO",
      "website": null,
      "phone": null,
      "email": null,
      "address": null,
      "city": null,
      "zip_code": null,
      "counties": [],
      "service_area": null
    },
    {
      "name": "Southeast Texas Food Bank",
      "slug": "southeast-texas-food-bank",
      "state": "TX",
      "website": null,
      "phone": null,
      "email": null,
      "address": null,
      "city": null,
      "zip_code": null,
      "counties": [],
      "service_area": null
    },
    {
      "name": "St. Louis Area Foodbank",
      "slug": "st-louis-area-foodbank",
      "state": "MO",
      "website": null,
      "phone": null,
      "email": null,
      "address": null,
      "city": null,
      "zip_code": null,
      "counties": [],
      "service_area": null
    },
    {
      "name": "St. Mary's Food Bank Alliance",
      "slug": "st-marys-food-bank-alliance",
      "state": "AZ",
      "website": null,
      "phone": null,
      "email": null,
      "address": null,
      "city": null,
      "zip_code": null,
      "counties": [],
      "service_area": null
    },
    {
      "name": "Tarrant Area Food Bank",
      "slug": "tarrant-area-food-bank",
      "state": "TX",
      "website": null,
      "phone": null,
      "email": null,
      "address": null,
      "city": null,
      "zip_code": null,
      "counties": [],
      "service_area": null
    },
    {
      "name": "Terre Haute Catholic Charities Food Bank",
      "slug": "terre-haute-catholic-charities-foodbank",
      "state": "IN",
      "website": null,
      "phone": null,
      "email": null,
      "address": null,
      "city": null,
      "zip_code": null,
      "counties": [],
      "service_area": null
    },
    {
      "name": "The Food Bank for Central and Northeast Missouri",
      "slug": "the-food-bank-for-central-and-northeast-missouri",
      "state": "MO",
      "website": null,
      "phone": null,
      "email": null,
      "address": null,
      "city": null,
      "zip_code": null,
      "counties": [],
      "service_area": null
    },
    {
      "name": "The Food Bank",
      "slug": "the-foodbank-inc",
      "state": "OH",
      "website": null,
      "phone": null,
      "email": null,
      "address": null,
      "city": null,
      "zip_code": null,
      "counties": [],
      "service_area": null
    },
    {
      "name": "The Greater Boston Food Bank",
      "slug": "the-greater-boston-food-bank",
      "state": "MA",
      "website": null,
      "phone": null,
      "email": null,
      "address": null,
      "city": null,
      "zip_code": null,
      "counties": [],
      "service_area": null
    },
    {
      "name": "The Idaho Food Bank",
      "slug": "the-idaho-foodbank",
      "state": "ID",
      "website": null,
      "phone": null,
      "email": null,
      "address": null,
      "city": null,
      "zip_code": null,
      "counties": [],
      "service_area": null
    },
    {
      "name": "Three Square Food Bank",
      "slug": "three-square-food-bank",
      "state": "NV",
      "website": null,
      "phone": null,
      "email": null,
      "address": null,
      "city": null,
      "zip_code": null,
      "counties": [],
      "service_area": null
    },
    {
      "name": "Toledo Northwestern Ohio Food Bank",
      "slug": "toledo-northwestern-ohio-food-bank",
      "state": "OH",
      "website": null,
      "phone": null,
      "email": null,
      "address": null,
      "city": null,
      "zip_code": null,
      "counties": [],
      "service_area": null
    },
    {
      "name": "Treasure Coast Food Bank",
      "slug": "treasure-coast-food-bank",
      "state": "FL",
      "website": null,
      "phone": null,
      "email": null,
      "address": null,
      "city": null,
      "zip_code": null,
      "counties": [],
      "service_area": null
    },
    {
      "name": "Tri State Food Bank",
      "slug": "tri-state-food-bank-inc",
      "state": "IN",
      "website": null,
      "phone": null,
      "email": null,
      "address": null,
      "city": null,
      "zip_code": null,
      "counties": [],
      "service_area": null
    },
    {
      "name": "United Food Bank",
      "slug": "united-food-bank",
      "state": "AZ",
      "website": null,
      "phone": null,
      "email": null,
      "address": null,
      "city": null,
      "zip_code": null,
      "counties": [],
      "service_area": null
    },
    {
      "name": "Utah Food Bank",
      "slug": "utah-food-bank",
      "state": "UT",
      "website": null,
      "phone": null,
      "email": null,
      "address": null,
      "city": null,
      "zip_code": null,
      "counties": [],
      "service_area": null
    },
    {
      "name": "Vermont Food Bank",
      "slug": "vermont-foodbank",
      "state": "VT",
      "website": null,
      "phone": null,
      "email": null,
      "address": null,
      "city": null,
      "zip_code": null,
      "counties": [],
      "service_area": null
    },
    {
      "name": "Virginia Peninsula Food Bank",
      "slug": "virginia-peninsula-foodbank",
      "state": "VA",
      "website": null,
      "phone": null,
      "email": null,
      "address": null,
      "city": null,
      "zip_code": null,
      "counties": [],
      "service_area": null
    },
    {
      "name": "Weld Food Bank",
      "slug": "weld-food-bank",
      "state": "CO",
      "website": null,
      "phone": null,
      "email": null,
      "address": null,
      "city": null,
      "zip_code": null,
      "counties": [],
      "service_area": null
    },
    {
      "name": "West Ohio Food Bank",
      "slug": "west-ohio-food-bank",
      "state": "OH",
      "website": null,
      "phone": null,
      "email": null,
      "address": null,
      "city": null,
      "zip_code": null,
      "counties": [],
      "service_area": null
    },
    {
      "name": "West Texas Food Bank",
      "slug": "west-texas-food-bank",
      "state": "TX",
      "website": null,
      "phone": null,
      "email": null,
      "address": null,
      "city": null,
      "zip_code": null,
      "counties": [],
      "service_area": null
    },
    {
      "name": "Westmoreland County Food Bank",
      "slug": "westmoreland-county-food-bank",
      "state": "PA",
      "website": null,
      "phone": null,
      "email": null,
      "address": null,
      "city": null,
      "zip_code": null,
      "counties": [],
      "service_area": null
    },
    {
      "name": "Wichita Falls Area Food Bank",
      "slug": "wichita-falls-area-food-bank",
      "state": "KS",
      "website": null,
      "phone": null,
      "email": null,
      "address": null,
      "city": null,
      "zip_code": null,
      "counties": [],
      "service_area": null
    },
    {
      "name": "Worcester County Food Bank",
      "slug": "worcester-county-food-bank-inc",
      "state": "MA",
      "website": null,
      "phone": null,
      "email": null,
      "address": null,
      "city": null,
      "zip_code": null,
      "counties": [],
      "service_area": null
    },
    {
      "name": "Yuma Community Food Bank",
      "slug": "yuma-community-food-bank",
      "state": "AZ",
      "website": null,
      "phone": null,
      "email": null,
      "address": null,
      "city": null,
      "zip_code": null,
      "counties": [],
      "service_area": null
    }
  ]
}
