{
  "metadata": {
    "source": "Curated from VA Community Care Network provider directories",
    "last_updated": "2026-01",
    "description": "VA Community Care Network (CCN) providers offering healthcare services to eligible veterans",
    "total_providers": 15,
    "notes": "Providers are managed by two TPAs: Optum (Regions 1-3) and TriWest (Regions 4-5)"
  },
  "providers": [
    {
      "provider_name": "MedStar Health Primary Care",
      "org_name": "MedStar Health",
      "specialty": "primary_care",
      "specialties": ["primary_care", "urgent_care"],
      "address": "110 Irving St NW",
      "city": "Washington",
      "state": "DC",
      "zip_code": "20010",
      "phone": "202-877-3627",
      "email": "info@medstarhealth.org",
      "website": "https://www.medstarhealth.org/",
      "network_status": "in_network",
      "accepting_new_patients": true,
      "hours": "Mon-Fri 8am-5pm, Sat 9am-1pm",
      "languages": ["English", "Spanish", "French"],
      "telehealth_available": true,
      "wheelchair_accessible": true,
      "services": "Annual wellness exams, chronic disease management, preventive care, vaccinations"
    },
    {
      "provider_name": "CVS MinuteClinic",
      "org_name": "CVS Health",
      "specialty": "urgent_care",
      "specialties": ["urgent_care"],
      "address": "1199 Vermont Ave NW",
      "city": "Washington",
      "state": "DC",
      "zip_code": "20005",
      "phone": "866-389-2727",
      "website": "https://www.cvs.com/minuteclinic/",
      "network_status": "urgent_care",
      "accepting_new_patients": true,
      "hours": "Mon-Fri 8:30am-7:30pm, Sat-Sun 9am-5:30pm",
      "languages": ["English", "Spanish"],
      "wheelchair_accessible": true,
      "services": "Minor illness treatment, vaccinations, health screenings, TB testing"
    },
    {
      "provider_name": "Virginia Heart",
      "org_name": "Virginia Heart",
      "specialty": "cardiology",
      "specialties": ["cardiology"],
      "address": "8501 Arlington Blvd Suite 400",
      "city": "Fairfax",
      "state": "VA",
      "zip_code": "22031",
      "phone": "703-621-4501",
      "email": "appointments@virginiaheart.com",
      "website": "https://www.virginiaheart.com/",
      "network_status": "in_network",
      "accepting_new_patients": true,
      "hours": "Mon-Fri 7am-5pm",
      "languages": ["English", "Spanish", "Korean", "Vietnamese"],
      "telehealth_available": true,
      "wheelchair_accessible": true,
      "services": "Heart disease diagnosis and treatment, echocardiograms, stress tests, cardiac catheterization"
    },
    {
      "provider_name": "Orthopaedic Associates of Central Maryland",
      "org_name": "OACM",
      "specialty": "orthopedics",
      "specialties": ["orthopedics", "physical_therapy"],
      "address": "10710 Charter Dr Suite 300",
      "city": "Columbia",
      "state": "MD",
      "zip_code": "21044",
      "phone": "410-644-1880",
      "website": "https://www.mdortho.com/",
      "network_status": "in_network",
      "accepting_new_patients": true,
      "hours": "Mon-Fri 8am-5pm",
      "languages": ["English", "Spanish"],
      "wheelchair_accessible": true,
      "services": "Joint replacement, sports medicine, spine care, hand surgery, fracture care"
    },
    {
      "provider_name": "Texas Oncology",
      "org_name": "Texas Oncology",
      "specialty": "oncology",
      "specialties": ["oncology", "radiology"],
      "address": "1700 W Highway 6",
      "city": "Waco",
      "state": "TX",
      "zip_code": "76712",
      "phone": "254-399-2600",
      "email": "info@texasoncology.com",
      "website": "https://www.texasoncology.com/",
      "network_status": "in_network",
      "accepting_new_patients": true,
      "hours": "Mon-Fri 8am-5pm",
      "languages": ["English", "Spanish"],
      "telehealth_available": true,
      "wheelchair_accessible": true,
      "services": "Cancer diagnosis and treatment, chemotherapy, radiation therapy, clinical trials"
    },
    {
      "provider_name": "California Skin Institute",
      "org_name": "California Skin Institute",
      "specialty": "dermatology",
      "specialties": ["dermatology"],
      "address": "3575 Geary Blvd Suite 200",
      "city": "San Francisco",
      "state": "CA",
      "zip_code": "94118",
      "phone": "415-750-7546",
      "email": "info@californiaskininstitute.com",
      "website": "https://www.californiaskininstitute.com/",
      "network_status": "in_network",
      "accepting_new_patients": true,
      "hours": "Mon-Fri 8am-5pm",
      "languages": ["English", "Spanish", "Mandarin"],
      "telehealth_available": true,
      "wheelchair_accessible": true,
      "services": "Skin cancer screening, acne treatment, psoriasis care, cosmetic dermatology"
    },
    {
      "provider_name": "Concentra Urgent Care",
      "org_name": "Concentra",
      "specialty": "urgent_care",
      "specialties": ["urgent_care", "physical_therapy"],
      "address": "4747 E Elliot Rd Suite 1",
      "city": "Phoenix",
      "state": "AZ",
      "zip_code": "85044",
      "phone": "602-438-4433",
      "website": "https://www.concentra.com/",
      "network_status": "urgent_care",
      "accepting_new_patients": true,
      "hours": "Mon-Fri 8am-8pm, Sat 9am-5pm",
      "languages": ["English", "Spanish"],
      "wheelchair_accessible": true,
      "services": "Urgent care, occupational health, physical therapy, drug testing"
    },
    {
      "provider_name": "Pacific Dental Services",
      "org_name": "Pacific Dental Services",
      "specialty": "dental",
      "specialties": ["dental"],
      "address": "500 S Grand Ave Suite 200",
      "city": "Los Angeles",
      "state": "CA",
      "zip_code": "90071",
      "phone": "714-427-5000",
      "website": "https://www.pacificdentalservices.com/",
      "network_status": "in_network",
      "accepting_new_patients": true,
      "hours": "Mon-Fri 7am-7pm, Sat 8am-2pm",
      "languages": ["English", "Spanish", "Vietnamese", "Korean"],
      "wheelchair_accessible": true,
      "services": "General dentistry, cleanings, fillings, crowns, root canals, extractions"
    },
    {
      "provider_name": "LensCrafters",
      "org_name": "EssilorLuxottica",
      "specialty": "vision",
      "specialties": ["vision"],
      "address": "5000 S Arizona Mills Cir",
      "city": "Tempe",
      "state": "AZ",
      "zip_code": "85282",
      "phone": "480-820-7770",
      "website": "https://www.lenscrafters.com/",
      "network_status": "in_network",
      "accepting_new_patients": true,
      "hours": "Mon-Sat 10am-8pm, Sun 11am-6pm",
      "languages": ["English", "Spanish"],
      "wheelchair_accessible": true,
      "services": "Eye exams, glasses, contact lenses, vision screening"
    },
    {
      "provider_name": "HearUSA",
      "org_name": "HearUSA",
      "specialty": "audiology",
      "specialties": ["audiology"],
      "address": "8235 Northfield Blvd",
      "city": "Denver",
      "state": "CO",
      "zip_code": "80238",
      "phone": "855-219-5252",
      "website": "https://www.hearusa.com/",
      "network_status": "in_network",
      "accepting_new_patients": true,
      "hours": "Mon-Fri 9am-5pm",
      "languages": ["English", "Spanish"],
      "telehealth_available": true,
      "wheelchair_accessible": true,
      "services": "Hearing tests, hearing aids, tinnitus treatment, assistive listening devices"
    },
    {
      "provider_name": "ATI Physical Therapy",
      "org_name": "ATI Physical Therapy",
      "specialty": "physical_therapy",
      "specialties": ["physical_therapy"],
      "address": "2650 Lake Cook Rd Suite 100",
      "city": "Riverwoods",
      "state": "IL",
      "zip_code": "60015",
      "phone": "855-692-8448",
      "website": "https://www.atipt.com/",
      "network_status": "in_network",
      "accepting_new_patients": true,
      "hours": "Mon-Fri 7am-7pm",
      "languages": ["English", "Spanish", "Polish"],
      "wheelchair_accessible": true,
      "services": "Physical therapy, sports rehabilitation, work injury recovery, post-surgical rehab"
    },
    {
      "provider_name": "The Joint Chiropractic",
      "org_name": "The Joint Corp",
      "specialty": "chiropractic",
      "specialties": ["chiropractic"],
      "address": "9531 SW 40th St",
      "city": "Miami",
      "state": "FL",
      "zip_code": "33165",
      "phone": "305-227-4007",
      "website": "https://www.thejoint.com/",
      "network_status": "in_network",
      "accepting_new_patients": true,
      "hours": "Mon-Fri 10am-7pm, Sat 10am-5pm, Sun 10am-4pm",
      "languages": ["English", "Spanish"],
      "wheelchair_accessible": true,
      "services": "Chiropractic adjustments, spinal care, posture correction, pain management"
    },
    {
      "provider_name": "Georgia Behavioral Health Professionals",
      "org_name": "Georgia Behavioral Health Professionals",
      "specialty": "mental_health",
      "specialties": ["mental_health"],
      "address": "3580 Peachtree Industrial Blvd Suite 110",
      "city": "Duluth",
      "state": "GA",
      "zip_code": "30096",
      "phone": "770-995-9946",
      "email": "info@gabehavioralhealth.com",
      "website": "https://www.gabehavioralhealth.com/",
      "network_status": "in_network",
      "accepting_new_patients": true,
      "hours": "Mon-Fri 8am-6pm, Sat 9am-1pm",
      "languages": ["English", "Spanish"],
      "telehealth_available": true,
      "wheelchair_accessible": true,
      "description": "Specialized mental health services for veterans including PTSD treatment, anxiety, depression, and substance abuse counseling.",
      "services": "Individual therapy, group therapy, medication management, PTSD treatment, substance abuse counseling"
    },
    {
      "provider_name": "Quest Diagnostics",
      "org_name": "Quest Diagnostics",
      "specialty": "lab_services",
      "specialties": ["lab_services"],
      "address": "4770 Buford Hwy NE Suite 200",
      "city": "Atlanta",
      "state": "GA",
      "zip_code": "30341",
      "phone": "866-697-8378",
      "website": "https://www.questdiagnostics.com/",
      "network_status": "in_network",
      "accepting_new_patients": true,
      "hours": "Mon-Fri 6am-4pm, Sat 7am-12pm",
      "languages": ["English", "Spanish"],
      "wheelchair_accessible": true,
      "services": "Blood tests, drug testing, genetic testing, pathology services"
    },
    {
      "provider_name": "RadNet Imaging",
      "org_name": "RadNet",
      "specialty": "radiology",
      "specialties": ["radiology"],
      "address": "1510 N Edgemont St",
      "city": "Los Angeles",
      "state": "CA",
      "zip_code": "90027",
      "phone": "310-478-7878",
      "website": "https://www.radnet.com/",
      "network_status": "in_network",
      "accepting_new_patients": true,
      "hours": "Mon-Fri 7am-9pm, Sat-Sun 8am-5pm",
      "languages": ["English", "Spanish", "Korean", "Armenian"],
      "wheelchair_accessible": true,
      "services": "MRI, CT scan, X-ray, ultrasound, mammography, PET scan"
    }
  ]
}
