{
  "source": "VA Patient Advocate Program",
  "source_url": "https://www.va.gov/health/patientadvocate/",
  "description": "Patient advocates help veterans and their families resolve concerns about VA health care experiences.",
  "last_updated": "2026-01-27",
  "total_advocates": 170,
  "advocates": [
    {
      "facility_name": "VA Boston Healthcare System",
      "facility_id": "vha_523",
      "state": "MA",
      "city": "Boston",
      "address": "1400 VFW Parkway",
      "zip_code": "02132",
      "phone": "857-364-4796",
      "toll_free": "800-865-3384",
      "email": "VABostonPatientAdvocate@va.gov",
      "hours": "Monday-Friday 8:00 AM - 4:30 PM",
      "visn": "1"
    },
    {
      "facility_name": "VA Connecticut Healthcare System",
      "facility_id": "vha_689",
      "state": "CT",
      "city": "West Haven",
      "address": "950 Campbell Avenue",
      "zip_code": "06516",
      "phone": "203-932-5711",
      "toll_free": "800-827-1000",
      "email": "VAConnecticutPatientAdvocate@va.gov",
      "hours": "Monday-Friday 8:00 AM - 4:30 PM",
      "visn": "1"
    },
    {
      "facility_name": "VA Maine Healthcare System",
      "facility_id": "vha_402",
      "state": "ME",
      "city": "Augusta",
      "address": "1 VA Center",
      "zip_code": "04330",
      "phone": "207-623-8411",
      "toll_free": "877-421-8263",
      "email": "VAMainePatientAdvocate@va.gov",
      "hours": "Monday-Friday 8:00 AM - 4:30 PM",
      "visn": "1"
    },
    {
      "facility_name": "Manchester VA Medical Center",
      "facility_id": "vha_608",
      "state": "NH",
      "city": "Manchester",
      "address": "718 Smyth Road",
      "zip_code": "03104",
      "phone": "603-624-4366",
      "toll_free": "800-892-8384",
      "email": "VAManchesterPatientAdvocate@va.gov",
      "hours": "Monday-Friday 8:00 AM - 4:30 PM",
      "visn": "1"
    },
    {
      "facility_name": "Providence VA Medical Center",
      "facility_id": "vha_650",
      "state": "RI",
      "city": "Providence",
      "address": "830 Chalkstone Avenue",
      "zip_code": "02908",
      "phone": "401-273-7100",
      "toll_free": "866-363-4486",
      "email": "VAProvidencePatientAdvocate@va.gov",
      "hours": "Monday-Friday 8:00 AM - 4:30 PM",
      "visn": "1"
    },
    {
      "facility_name": "White River Junction VA Medical Center",
      "facility_id": "vha_405",
      "state": "VT",
      "city": "White River Junction",
      "address": "215 North Main Street",
      "zip_code": "05009",
      "phone": "802-295-9363",
      "toll_free": "866-687-8387",
      "email": "VAWhiteRiverJunctionPatientAdvocate@va.gov",
      "hours": "Monday-Friday 8:00 AM - 4:30 PM",
      "visn": "1"
    },
    {
      "facility_name": "Albany VA Medical Center",
      "facility_id": "vha_528",
      "state": "NY",
      "city": "Albany",
      "address": "113 Holland Avenue",
      "zip_code": "12208",
      "phone": "518-626-5000",
      "toll_free": "800-233-4810",
      "email": "VAAlbanyPatientAdvocate@va.gov",
      "hours": "Monday-Friday 8:00 AM - 4:30 PM",
      "visn": "2"
    },
    {
      "facility_name": "Bath VA Medical Center",
      "facility_id": "vha_528A8",
      "state": "NY",
      "city": "Bath",
      "address": "76 Veterans Avenue",
      "zip_code": "14810",
      "phone": "607-664-4000",
      "toll_free": "877-845-3247",
      "email": "VABathPatientAdvocate@va.gov",
      "hours": "Monday-Friday 8:00 AM - 4:30 PM",
      "visn": "2"
    },
    {
      "facility_name": "VA Western New York Healthcare System",
      "facility_id": "vha_528A4",
      "state": "NY",
      "city": "Buffalo",
      "address": "3495 Bailey Avenue",
      "zip_code": "14215",
      "phone": "716-834-9200",
      "toll_free": "800-532-8387",
      "email": "VABuffaloPatientAdvocate@va.gov",
      "hours": "Monday-Friday 8:00 AM - 4:30 PM",
      "visn": "2"
    },
    {
      "facility_name": "Canandaigua VA Medical Center",
      "facility_id": "vha_528A5",
      "state": "NY",
      "city": "Canandaigua",
      "address": "400 Fort Hill Avenue",
      "zip_code": "14424",
      "phone": "585-394-2000",
      "toll_free": "800-204-9917",
      "email": "VACanandaiguaPatientAdvocate@va.gov",
      "hours": "Monday-Friday 8:00 AM - 4:30 PM",
      "visn": "2"
    },
    {
      "facility_name": "Syracuse VA Medical Center",
      "facility_id": "vha_528A7",
      "state": "NY",
      "city": "Syracuse",
      "address": "800 Irving Avenue",
      "zip_code": "13210",
      "phone": "315-425-4400",
      "toll_free": "800-792-4334",
      "email": "VASyracusePatientAdvocate@va.gov",
      "hours": "Monday-Friday 8:00 AM - 4:30 PM",
      "visn": "2"
    },
    {
      "facility_name": "James J. Peters VA Medical Center",
      "facility_id": "vha_526",
      "state": "NY",
      "city": "Bronx",
      "address": "130 West Kingsbridge Road",
      "zip_code": "10468",
      "phone": "718-584-9000",
      "toll_free": "800-877-6976",
      "email": "VABronxPatientAdvocate@va.gov",
      "hours": "Monday-Friday 8:00 AM - 4:30 PM",
      "visn": "2"
    },
    {
      "facility_name": "VA New York Harbor Healthcare System - Manhattan",
      "facility_id": "vha_630",
      "state": "NY",
      "city": "New York",
      "address": "423 East 23rd Street",
      "zip_code": "10010",
      "phone": "212-686-7500",
      "toll_free": "800-877-6976",
      "email": "VAManhattanPatientAdvocate@va.gov",
      "hours": "Monday-Friday 8:00 AM - 4:30 PM",
      "visn": "2"
    },
    {
      "facility_name": "Northport VA Medical Center",
      "facility_id": "vha_632",
      "state": "NY",
      "city": "Northport",
      "address": "79 Middleville Road",
      "zip_code": "11768",
      "phone": "631-261-4400",
      "toll_free": "800-551-3996",
      "email": "VANorthportPatientAdvocate@va.gov",
      "hours": "Monday-Friday 8:00 AM - 4:30 PM",
      "visn": "2"
    },
    {
      "facility_name": "VA New Jersey Health Care System",
      "facility_id": "vha_561",
      "state": "NJ",
      "city": "East Orange",
      "address": "385 Tremont Avenue",
      "zip_code": "07018",
      "phone": "973-676-1000",
      "toll_free": "800-827-1000",
      "email": "VANewJerseyPatientAdvocate@va.gov",
      "hours": "Monday-Friday 8:00 AM - 4:30 PM",
      "visn": "2"
    },
    {
      "facility_name": "Altoona VA Medical Center",
      "facility_id": "vha_503",
      "state": "PA",
      "city": "Altoona",
      "address": "2907 Pleasant Valley Boulevard",
      "zip_code": "16602",
      "phone": "814-943-8164",
      "toll_free": "877-626-2500",
      "email": "VAAltoonaPatientAdvocate@va.gov",
      "hours": "Monday-Friday 8:00 AM - 4:30 PM",
      "visn": "4"
    },
    {
      "facility_name": "Coatesville VA Medical Center",
      "facility_id": "vha_542",
      "state": "PA",
      "city": "Coatesville",
      "address": "1400 Black Horse Hill Road",
      "zip_code": "19320",
      "phone": "610-384-7711",
      "toll_free": "800-290-6172",
      "email": "VACoatesvillePatientAdvocate@va.gov",
      "hours": "Monday-Friday 8:00 AM - 4:30 PM",
      "visn": "4"
    },
    {
      "facility_name": "Erie VA Medical Center",
      "facility_id": "vha_562",
      "state": "PA",
      "city": "Erie",
      "address": "135 East 38th Street",
      "zip_code": "16504",
      "phone": "814-868-8661",
      "toll_free": "800-274-8387",
      "email": "VAEriePatientAdvocate@va.gov",
      "hours": "Monday-Friday 8:00 AM - 4:30 PM",
      "visn": "4"
    },
    {
      "facility_name": "Lebanon VA Medical Center",
      "facility_id": "vha_595",
      "state": "PA",
      "city": "Lebanon",
      "address": "1700 South Lincoln Avenue",
      "zip_code": "17042",
      "phone": "717-272-6621",
      "toll_free": "800-409-8771",
      "email": "VALebanonPatientAdvocate@va.gov",
      "hours": "Monday-Friday 8:00 AM - 4:30 PM",
      "visn": "4"
    },
    {
      "facility_name": "Corporal Michael J. Crescenz VA Medical Center",
      "facility_id": "vha_642",
      "state": "PA",
      "city": "Philadelphia",
      "address": "3900 Woodland Avenue",
      "zip_code": "19104",
      "phone": "215-823-5800",
      "toll_free": "800-949-1001",
      "email": "VAPhiladelphiaPatientAdvocate@va.gov",
      "hours": "Monday-Friday 8:00 AM - 4:30 PM",
      "visn": "4"
    },
    {
      "facility_name": "VA Pittsburgh Healthcare System",
      "facility_id": "vha_646",
      "state": "PA",
      "city": "Pittsburgh",
      "address": "University Drive",
      "zip_code": "15240",
      "phone": "412-360-6000",
      "toll_free": "866-482-7488",
      "email": "VAPittsburghPatientAdvocate@va.gov",
      "hours": "Monday-Friday 8:00 AM - 4:30 PM",
      "visn": "4"
    },
    {
      "facility_name": "Wilkes-Barre VA Medical Center",
      "facility_id": "vha_693",
      "state": "PA",
      "city": "Wilkes-Barre",
      "address": "1111 East End Boulevard",
      "zip_code": "18711",
      "phone": "570-824-3521",
      "toll_free": "877-928-2621",
      "email": "VAWilkesBarrePatientAdvocate@va.gov",
      "hours": "Monday-Friday 8:00 AM - 4:30 PM",
      "visn": "4"
    },
    {
      "facility_name": "Wilmington VA Medical Center",
      "facility_id": "vha_460",
      "state": "DE",
      "city": "Wilmington",
      "address": "1601 Kirkwood Highway",
      "zip_code": "19805",
      "phone": "302-994-2511",
      "toll_free": "800-461-8262",
      "email": "VAWilmingtonPatientAdvocate@va.gov",
      "hours": "Monday-Friday 8:00 AM - 4:30 PM",
      "visn": "4"
    },
    {
      "facility_name": "Washington DC VA Medical Center",
      "facility_id": "vha_688",
      "state": "DC",
      "city": "Washington",
      "address": "50 Irving Street NW",
      "zip_code": "20422",
      "phone": "202-745-8000",
      "toll_free": "888-553-0242",
      "email": "VAWashingtonDCPatientAdvocate@va.gov",
      "hours": "Monday-Friday 8:00 AM - 4:30 PM",
      "visn": "5"
    },
    {
      "facility_name": "VA Maryland Health Care System",
      "facility_id": "vha_512",
      "state": "MD",
      "city": "Baltimore",
      "address": "10 North Greene Street",
      "zip_code": "21201",
      "phone": "410-605-7000",
      "toll_free": "800-463-6295",
      "email": "VABaltimorePatientAdvocate@va.gov",
      "hours": "Monday-Friday 8:00 AM - 4:30 PM",
      "visn": "5"
    },
    {
      "facility_name": "Martinsburg VA Medical Center",
      "facility_id": "vha_613",
      "state": "WV",
      "city": "Martinsburg",
      "address": "510 Butler Avenue",
      "zip_code": "25405",
      "phone": "304-263-0811",
      "toll_free": "800-817-3807",
      "email": "VAMartinsburgPatientAdvocate@va.gov",
      "hours": "Monday-Friday 8:00 AM - 4:30 PM",
      "visn": "5"
    },
    {
      "facility_name": "Louis A. Johnson VA Medical Center",
      "facility_id": "vha_540",
      "state": "WV",
      "city": "Clarksburg",
      "address": "1 Medical Center Drive",
      "zip_code": "26301",
      "phone": "304-623-3461",
      "toll_free": "800-733-0512",
      "email": "VAClarksburgPatientAdvocate@va.gov",
      "hours": "Monday-Friday 8:00 AM - 4:30 PM",
      "visn": "5"
    },
    {
      "facility_name": "Huntington VA Medical Center",
      "facility_id": "vha_581",
      "state": "WV",
      "city": "Huntington",
      "address": "1540 Spring Valley Drive",
      "zip_code": "25704",
      "phone": "304-429-6741",
      "toll_free": "800-827-8244",
      "email": "VAHuntingtonPatientAdvocate@va.gov",
      "hours": "Monday-Friday 8:00 AM - 4:30 PM",
      "visn": "5"
    },
    {
      "facility_name": "Hampton VA Medical Center",
      "facility_id": "vha_590",
      "state": "VA",
      "city": "Hampton",
      "address": "100 Emancipation Drive",
      "zip_code": "23667",
      "phone": "757-722-9961",
      "toll_free": "866-544-9961",
      "email": "VAHamptonPatientAdvocate@va.gov",
      "hours": "Monday-Friday 8:00 AM - 4:30 PM",
      "visn": "6"
    },
    {
      "facility_name": "Hunter Holmes McGuire VA Medical Center",
      "facility_id": "vha_652",
      "state": "VA",
      "city": "Richmond",
      "address": "1201 Broad Rock Boulevard",
      "zip_code": "23249",
      "phone": "804-675-5000",
      "toll_free": "800-784-8381",
      "email": "VARichmondPatientAdvocate@va.gov",
      "hours": "Monday-Friday 8:00 AM - 4:30 PM",
      "visn": "6"
    },
    {
      "facility_name": "Salem VA Medical Center",
      "facility_id": "vha_658",
      "state": "VA",
      "city": "Salem",
      "address": "1970 Roanoke Boulevard",
      "zip_code": "24153",
      "phone": "540-982-2463",
      "toll_free": "888-982-2463",
      "email": "VASalemPatientAdvocate@va.gov",
      "hours": "Monday-Friday 8:00 AM - 4:30 PM",
      "visn": "6"
    },
    {
      "facility_name": "Asheville VA Medical Center",
      "facility_id": "vha_637",
      "state": "NC",
      "city": "Asheville",
      "address": "1100 Tunnel Road",
      "zip_code": "28805",
      "phone": "828-298-7911",
      "toll_free": "800-932-6408",
      "email": "VAAshevillePatientAdvocate@va.gov",
      "hours": "Monday-Friday 8:00 AM - 4:30 PM",
      "visn": "6"
    },
    {
      "facility_name": "Durham VA Medical Center",
      "facility_id": "vha_558",
      "state": "NC",
      "city": "Durham",
      "address": "508 Fulton Street",
      "zip_code": "27705",
      "phone": "919-286-0411",
      "toll_free": "888-878-6890",
      "email": "VADurhamPatientAdvocate@va.gov",
      "hours": "Monday-Friday 8:00 AM - 4:30 PM",
      "visn": "6"
    },
    {
      "facility_name": "Fayetteville VA Medical Center",
      "facility_id": "vha_565",
      "state": "NC",
      "city": "Fayetteville",
      "address": "2300 Ramsey Street",
      "zip_code": "28301",
      "phone": "910-488-2120",
      "toll_free": "800-771-6106",
      "email": "VAFayettevilleNCPatientAdvocate@va.gov",
      "hours": "Monday-Friday 8:00 AM - 4:30 PM",
      "visn": "6"
    },
    {
      "facility_name": "W.G. (Bill) Hefner Salisbury VA Medical Center",
      "facility_id": "vha_659",
      "state": "NC",
      "city": "Salisbury",
      "address": "1601 Brenner Avenue",
      "zip_code": "28144",
      "phone": "704-638-9000",
      "toll_free": "800-469-8262",
      "email": "VASalisburyPatientAdvocate@va.gov",
      "hours": "Monday-Friday 8:00 AM - 4:30 PM",
      "visn": "6"
    },
    {
      "facility_name": "Ralph H. Johnson VA Medical Center",
      "facility_id": "vha_534",
      "state": "SC",
      "city": "Charleston",
      "address": "109 Bee Street",
      "zip_code": "29401",
      "phone": "843-577-5011",
      "toll_free": "888-878-6884",
      "email": "VACharlestonPatientAdvocate@va.gov",
      "hours": "Monday-Friday 8:00 AM - 4:30 PM",
      "visn": "7"
    },
    {
      "facility_name": "Wm. Jennings Bryan Dorn VA Medical Center",
      "facility_id": "vha_544",
      "state": "SC",
      "city": "Columbia",
      "address": "6439 Garners Ferry Road",
      "zip_code": "29209",
      "phone": "803-776-4000",
      "toll_free": "800-293-8262",
      "email": "VAColumbiaPatientAdvocate@va.gov",
      "hours": "Monday-Friday 8:00 AM - 4:30 PM",
      "visn": "7"
    },
    {
      "facility_name": "Atlanta VA Medical Center",
      "facility_id": "vha_508",
      "state": "GA",
      "city": "Decatur",
      "address": "1670 Clairmont Road",
      "zip_code": "30033",
      "phone": "404-321-6111",
      "toll_free": "800-944-9726",
      "email": "VAAtlantaPatientAdvocate@va.gov",
      "hours": "Monday-Friday 8:00 AM - 4:30 PM",
      "visn": "7"
    },
    {
      "facility_name": "Augusta VA Medical Center",
      "facility_id": "vha_509",
      "state": "GA",
      "city": "Augusta",
      "address": "1 Freedom Way",
      "zip_code": "30904",
      "phone": "706-733-0188",
      "toll_free": "800-836-5561",
      "email": "VAAugustaPatientAdvocate@va.gov",
      "hours": "Monday-Friday 8:00 AM - 4:30 PM",
      "visn": "7"
    },
    {
      "facility_name": "Carl Vinson VA Medical Center",
      "facility_id": "vha_557",
      "state": "GA",
      "city": "Dublin",
      "address": "1826 Veterans Boulevard",
      "zip_code": "31021",
      "phone": "478-272-1210",
      "toll_free": "800-595-5229",
      "email": "VADublinPatientAdvocate@va.gov",
      "hours": "Monday-Friday 8:00 AM - 4:30 PM",
      "visn": "7"
    },
    {
      "facility_name": "Birmingham VA Medical Center",
      "facility_id": "vha_521",
      "state": "AL",
      "city": "Birmingham",
      "address": "700 South 19th Street",
      "zip_code": "35233",
      "phone": "205-933-8101",
      "toll_free": "800-827-1000",
      "email": "VABirminghamPatientAdvocate@va.gov",
      "hours": "Monday-Friday 8:00 AM - 4:30 PM",
      "visn": "7"
    },
    {
      "facility_name": "Central Alabama Veterans Health Care System",
      "facility_id": "vha_619",
      "state": "AL",
      "city": "Montgomery",
      "address": "215 Perry Hill Road",
      "zip_code": "36109",
      "phone": "334-272-4670",
      "toll_free": "800-214-8387",
      "email": "VAMontgomeryPatientAdvocate@va.gov",
      "hours": "Monday-Friday 8:00 AM - 4:30 PM",
      "visn": "7"
    },
    {
      "facility_name": "Tuscaloosa VA Medical Center",
      "facility_id": "vha_679",
      "state": "AL",
      "city": "Tuscaloosa",
      "address": "3701 Loop Road East",
      "zip_code": "35404",
      "phone": "205-554-2000",
      "toll_free": "888-269-3045",
      "email": "VATuscaloosaPatientAdvocate@va.gov",
      "hours": "Monday-Friday 8:00 AM - 4:30 PM",
      "visn": "7"
    },
    {
      "facility_name": "Bay Pines VA Healthcare System",
      "facility_id": "vha_516",
      "state": "FL",
      "city": "Bay Pines",
      "address": "10000 Bay Pines Boulevard",
      "zip_code": "33744",
      "phone": "727-398-6661",
      "toll_free": "888-820-0230",
      "email": "VABayPinesPatientAdvocate@va.gov",
      "hours": "Monday-Friday 8:00 AM - 4:30 PM",
      "visn": "8"
    },
    {
      "facility_name": "James A. Haley Veterans' Hospital",
      "facility_id": "vha_673",
      "state": "FL",
      "city": "Tampa",
      "address": "13000 Bruce B. Downs Boulevard",
      "zip_code": "33612",
      "phone": "813-972-2000",
      "toll_free": "888-811-0107",
      "email": "VATampaPatientAdvocate@va.gov",
      "hours": "Monday-Friday 8:00 AM - 4:30 PM",
      "visn": "8"
    },
    {
      "facility_name": "North Florida/South Georgia Veterans Health System",
      "facility_id": "vha_573",
      "state": "FL",
      "city": "Gainesville",
      "address": "1601 SW Archer Road",
      "zip_code": "32608",
      "phone": "352-376-1611",
      "toll_free": "800-324-8387",
      "email": "VAGainesvillePatientAdvocate@va.gov",
      "hours": "Monday-Friday 8:00 AM - 4:30 PM",
      "visn": "8"
    },
    {
      "facility_name": "Orlando VA Medical Center",
      "facility_id": "vha_675",
      "state": "FL",
      "city": "Orlando",
      "address": "13800 Veterans Way",
      "zip_code": "32827",
      "phone": "407-631-1000",
      "toll_free": "800-922-7521",
      "email": "VAOrlandoPatientAdvocate@va.gov",
      "hours": "Monday-Friday 8:00 AM - 4:30 PM",
      "visn": "8"
    },
    {
      "facility_name": "Miami VA Healthcare System",
      "facility_id": "vha_546",
      "state": "FL",
      "city": "Miami",
      "address": "1201 NW 16th Street",
      "zip_code": "33125",
      "phone": "305-575-7000",
      "toll_free": "888-276-1785",
      "email": "VAMiamiPatientAdvocate@va.gov",
      "hours": "Monday-Friday 8:00 AM - 4:30 PM",
      "visn": "8"
    },
    {
      "facility_name": "West Palm Beach VA Medical Center",
      "facility_id": "vha_548",
      "state": "FL",
      "city": "West Palm Beach",
      "address": "7305 North Military Trail",
      "zip_code": "33410",
      "phone": "561-422-8262",
      "toll_free": "800-972-8262",
      "email": "VAWestPalmBeachPatientAdvocate@va.gov",
      "hours": "Monday-Friday 8:00 AM - 4:30 PM",
      "visn": "8"
    },
    {
      "facility_name": "VA Caribbean Healthcare System",
      "facility_id": "vha_672",
      "state": "PR",
      "city": "San Juan",
      "address": "10 Casia Street",
      "zip_code": "00921",
      "phone": "787-641-7582",
      "toll_free": "800-449-8729",
      "email": "VACaribbeanPatientAdvocate@va.gov",
      "hours": "Monday-Friday 8:00 AM - 4:30 PM",
      "visn": "8"
    },
    {
      "facility_name": "Chillicothe VA Medical Center",
      "facility_id": "vha_538",
      "state": "OH",
      "city": "Chillicothe",
      "address": "17273 State Route 104",
      "zip_code": "45601",
      "phone": "740-773-1141",
      "toll_free": "800-358-8262",
      "email": "VAChillicothePatientAdvocate@va.gov",
      "hours": "Monday-Friday 8:00 AM - 4:30 PM",
      "visn": "10"
    },
    {
      "facility_name": "Cincinnati VA Medical Center",
      "facility_id": "vha_539",
      "state": "OH",
      "city": "Cincinnati",
      "address": "3200 Vine Street",
      "zip_code": "45220",
      "phone": "513-861-3100",
      "toll_free": "888-267-7873",
      "email": "VACincinnatiPatientAdvocate@va.gov",
      "hours": "Monday-Friday 8:00 AM - 4:30 PM",
      "visn": "10"
    },
    {
      "facility_name": "Louis Stokes Cleveland VA Medical Center",
      "facility_id": "vha_541",
      "state": "OH",
      "city": "Cleveland",
      "address": "10701 East Boulevard",
      "zip_code": "44106",
      "phone": "216-791-3800",
      "toll_free": "877-838-8262",
      "email": "VAClevelandPatientAdvocate@va.gov",
      "hours": "Monday-Friday 8:00 AM - 4:30 PM",
      "visn": "10"
    },
    {
      "facility_name": "Dayton VA Medical Center",
      "facility_id": "vha_552",
      "state": "OH",
      "city": "Dayton",
      "address": "4100 West Third Street",
      "zip_code": "45428",
      "phone": "937-268-6511",
      "toll_free": "800-368-8262",
      "email": "VADaytonPatientAdvocate@va.gov",
      "hours": "Monday-Friday 8:00 AM - 4:30 PM",
      "visn": "10"
    },
    {
      "facility_name": "VA Ann Arbor Healthcare System",
      "facility_id": "vha_506",
      "state": "MI",
      "city": "Ann Arbor",
      "address": "2215 Fuller Road",
      "zip_code": "48105",
      "phone": "734-769-7100",
      "toll_free": "800-361-8387",
      "email": "VAAnnArborPatientAdvocate@va.gov",
      "hours": "Monday-Friday 8:00 AM - 4:30 PM",
      "visn": "10"
    },
    {
      "facility_name": "John D. Dingell VA Medical Center",
      "facility_id": "vha_553",
      "state": "MI",
      "city": "Detroit",
      "address": "4646 John R Street",
      "zip_code": "48201",
      "phone": "313-576-1000",
      "toll_free": "800-511-8056",
      "email": "VADetroitPatientAdvocate@va.gov",
      "hours": "Monday-Friday 8:00 AM - 4:30 PM",
      "visn": "10"
    },
    {
      "facility_name": "Battle Creek VA Medical Center",
      "facility_id": "vha_515",
      "state": "MI",
      "city": "Battle Creek",
      "address": "5500 Armstrong Road",
      "zip_code": "49037",
      "phone": "269-966-5600",
      "toll_free": "888-214-1247",
      "email": "VABattleCreekPatientAdvocate@va.gov",
      "hours": "Monday-Friday 8:00 AM - 4:30 PM",
      "visn": "10"
    },
    {
      "facility_name": "Aleda E. Lutz VA Medical Center",
      "facility_id": "vha_655",
      "state": "MI",
      "city": "Saginaw",
      "address": "1500 Weiss Street",
      "zip_code": "48602",
      "phone": "989-497-2500",
      "toll_free": "800-406-5143",
      "email": "VASaginawPatientAdvocate@va.gov",
      "hours": "Monday-Friday 8:00 AM - 4:30 PM",
      "visn": "10"
    },
    {
      "facility_name": "Oscar G. Johnson VA Medical Center",
      "facility_id": "vha_585",
      "state": "MI",
      "city": "Iron Mountain",
      "address": "325 East H Street",
      "zip_code": "49801",
      "phone": "906-774-3300",
      "toll_free": "800-215-8262",
      "email": "VAIronMountainPatientAdvocate@va.gov",
      "hours": "Monday-Friday 8:00 AM - 4:30 PM",
      "visn": "12"
    },
    {
      "facility_name": "Richard L. Roudebush VA Medical Center",
      "facility_id": "vha_583",
      "state": "IN",
      "city": "Indianapolis",
      "address": "1481 West 10th Street",
      "zip_code": "46202",
      "phone": "317-554-0000",
      "toll_free": "888-878-6889",
      "email": "VAIndianapolisPatientAdvocate@va.gov",
      "hours": "Monday-Friday 8:00 AM - 4:30 PM",
      "visn": "10"
    },
    {
      "facility_name": "VA Northern Indiana Health Care System",
      "facility_id": "vha_610",
      "state": "IN",
      "city": "Fort Wayne",
      "address": "2121 Lake Avenue",
      "zip_code": "46805",
      "phone": "260-426-5431",
      "toll_free": "800-360-8387",
      "email": "VAFortWaynePatientAdvocate@va.gov",
      "hours": "Monday-Friday 8:00 AM - 4:30 PM",
      "visn": "10"
    },
    {
      "facility_name": "Jesse Brown VA Medical Center",
      "facility_id": "vha_537",
      "state": "IL",
      "city": "Chicago",
      "address": "820 South Damen Avenue",
      "zip_code": "60612",
      "phone": "312-569-8387",
      "toll_free": "800-827-1000",
      "email": "VAChicagoPatientAdvocate@va.gov",
      "hours": "Monday-Friday 8:00 AM - 4:30 PM",
      "visn": "12"
    },
    {
      "facility_name": "Edward Hines Jr. VA Hospital",
      "facility_id": "vha_578",
      "state": "IL",
      "city": "Hines",
      "address": "5000 South 5th Avenue",
      "zip_code": "60141",
      "phone": "708-202-8387",
      "toll_free": "888-414-1120",
      "email": "VAHinesPatientAdvocate@va.gov",
      "hours": "Monday-Friday 8:00 AM - 4:30 PM",
      "visn": "12"
    },
    {
      "facility_name": "Captain James A. Lovell Federal Health Care Center",
      "facility_id": "vha_556",
      "state": "IL",
      "city": "North Chicago",
      "address": "3001 Green Bay Road",
      "zip_code": "60064",
      "phone": "847-688-1900",
      "toll_free": "800-393-0865",
      "email": "VANorthChicagoPatientAdvocate@va.gov",
      "hours": "Monday-Friday 8:00 AM - 4:30 PM",
      "visn": "12"
    },
    {
      "facility_name": "VA Illiana Health Care System",
      "facility_id": "vha_550",
      "state": "IL",
      "city": "Danville",
      "address": "1900 East Main Street",
      "zip_code": "61832",
      "phone": "217-554-3000",
      "toll_free": "800-320-8387",
      "email": "VADanvillePatientAdvocate@va.gov",
      "hours": "Monday-Friday 8:00 AM - 4:30 PM",
      "visn": "12"
    },
    {
      "facility_name": "Marion VA Medical Center",
      "facility_id": "vha_657",
      "state": "IL",
      "city": "Marion",
      "address": "2401 West Main Street",
      "zip_code": "62959",
      "phone": "618-997-5311",
      "toll_free": "866-289-3300",
      "email": "VAMarionILPatientAdvocate@va.gov",
      "hours": "Monday-Friday 8:00 AM - 4:30 PM",
      "visn": "15"
    },
    {
      "facility_name": "Clement J. Zablocki VA Medical Center",
      "facility_id": "vha_695",
      "state": "WI",
      "city": "Milwaukee",
      "address": "5000 West National Avenue",
      "zip_code": "53295",
      "phone": "414-384-2000",
      "toll_free": "888-469-6614",
      "email": "VAMilwaukeePatientAdvocate@va.gov",
      "hours": "Monday-Friday 8:00 AM - 4:30 PM",
      "visn": "12"
    },
    {
      "facility_name": "William S. Middleton Memorial Veterans Hospital",
      "facility_id": "vha_607",
      "state": "WI",
      "city": "Madison",
      "address": "2500 Overlook Terrace",
      "zip_code": "53705",
      "phone": "608-256-1901",
      "toll_free": "888-478-8321",
      "email": "VAMadisonPatientAdvocate@va.gov",
      "hours": "Monday-Friday 8:00 AM - 4:30 PM",
      "visn": "12"
    },
    {
      "facility_name": "Tomah VA Medical Center",
      "facility_id": "vha_676",
      "state": "WI",
      "city": "Tomah",
      "address": "500 East Veterans Street",
      "zip_code": "54660",
      "phone": "608-372-3971",
      "toll_free": "800-872-8662",
      "email": "VATomahPatientAdvocate@va.gov",
      "hours": "Monday-Friday 8:00 AM - 4:30 PM",
      "visn": "12"
    },
    {
      "facility_name": "Minneapolis VA Health Care System",
      "facility_id": "vha_618",
      "state": "MN",
      "city": "Minneapolis",
      "address": "One Veterans Drive",
      "zip_code": "55417",
      "phone": "612-725-2000",
      "toll_free": "866-414-5058",
      "email": "VAMinneapolisPatientAdvocate@va.gov",
      "hours": "Monday-Friday 8:00 AM - 4:30 PM",
      "visn": "23"
    },
    {
      "facility_name": "St. Cloud VA Medical Center",
      "facility_id": "vha_656",
      "state": "MN",
      "city": "St. Cloud",
      "address": "4801 Veterans Drive",
      "zip_code": "56303",
      "phone": "320-252-1670",
      "toll_free": "800-247-1739",
      "email": "VAStCloudPatientAdvocate@va.gov",
      "hours": "Monday-Friday 8:00 AM - 4:30 PM",
      "visn": "23"
    },
    {
      "facility_name": "Fargo VA Health Care System",
      "facility_id": "vha_437",
      "state": "ND",
      "city": "Fargo",
      "address": "2101 Elm Street North",
      "zip_code": "58102",
      "phone": "701-232-3241",
      "toll_free": "800-410-9723",
      "email": "VAFargoPatientAdvocate@va.gov",
      "hours": "Monday-Friday 8:00 AM - 4:30 PM",
      "visn": "23"
    },
    {
      "facility_name": "Sioux Falls VA Health Care System",
      "facility_id": "vha_438",
      "state": "SD",
      "city": "Sioux Falls",
      "address": "2501 West 22nd Street",
      "zip_code": "57105",
      "phone": "605-336-3230",
      "toll_free": "800-316-8387",
      "email": "VASiouxFallsPatientAdvocate@va.gov",
      "hours": "Monday-Friday 8:00 AM - 4:30 PM",
      "visn": "23"
    },
    {
      "facility_name": "VA Black Hills Health Care System",
      "facility_id": "vha_568",
      "state": "SD",
      "city": "Fort Meade",
      "address": "113 Comanche Road",
      "zip_code": "57741",
      "phone": "605-347-2511",
      "toll_free": "800-743-1070",
      "email": "VABlackHillsPatientAdvocate@va.gov",
      "hours": "Monday-Friday 8:00 AM - 4:30 PM",
      "visn": "23"
    },
    {
      "facility_name": "VA Nebraska-Western Iowa Health Care System",
      "facility_id": "vha_636",
      "state": "NE",
      "city": "Omaha",
      "address": "4101 Woolworth Avenue",
      "zip_code": "68105",
      "phone": "402-346-8800",
      "toll_free": "800-451-5796",
      "email": "VAOmahaPatientAdvocate@va.gov",
      "hours": "Monday-Friday 8:00 AM - 4:30 PM",
      "visn": "23"
    },
    {
      "facility_name": "VA Central Iowa Health Care System",
      "facility_id": "vha_636A6",
      "state": "IA",
      "city": "Des Moines",
      "address": "3600 30th Street",
      "zip_code": "50310",
      "phone": "515-699-5999",
      "toll_free": "800-294-8387",
      "email": "VADesMoinesPatientAdvocate@va.gov",
      "hours": "Monday-Friday 8:00 AM - 4:30 PM",
      "visn": "23"
    },
    {
      "facility_name": "Iowa City VA Health Care System",
      "facility_id": "vha_636A8",
      "state": "IA",
      "city": "Iowa City",
      "address": "601 Highway 6 West",
      "zip_code": "52246",
      "phone": "319-338-0581",
      "toll_free": "800-637-0128",
      "email": "VAIowaCityPatientAdvocate@va.gov",
      "hours": "Monday-Friday 8:00 AM - 4:30 PM",
      "visn": "23"
    },
    {
      "facility_name": "Harry S. Truman Memorial Veterans' Hospital",
      "facility_id": "vha_589",
      "state": "MO",
      "city": "Columbia",
      "address": "800 Hospital Drive",
      "zip_code": "65201",
      "phone": "573-814-6000",
      "toll_free": "800-349-8262",
      "email": "VAColumbiaMOPatientAdvocate@va.gov",
      "hours": "Monday-Friday 8:00 AM - 4:30 PM",
      "visn": "15"
    },
    {
      "facility_name": "Kansas City VA Medical Center",
      "facility_id": "vha_589A4",
      "state": "MO",
      "city": "Kansas City",
      "address": "4801 Linwood Boulevard",
      "zip_code": "64128",
      "phone": "816-861-4700",
      "toll_free": "800-525-1483",
      "email": "VAKansasCityPatientAdvocate@va.gov",
      "hours": "Monday-Friday 8:00 AM - 4:30 PM",
      "visn": "15"
    },
    {
      "facility_name": "John J. Pershing VA Medical Center",
      "facility_id": "vha_657A4",
      "state": "MO",
      "city": "Poplar Bluff",
      "address": "1500 North Westwood Boulevard",
      "zip_code": "63901",
      "phone": "573-686-4151",
      "toll_free": "888-557-8262",
      "email": "VAPoplarBluffPatientAdvocate@va.gov",
      "hours": "Monday-Friday 8:00 AM - 4:30 PM",
      "visn": "15"
    },
    {
      "facility_name": "St. Louis VA Medical Center - Jefferson Barracks",
      "facility_id": "vha_657A5",
      "state": "MO",
      "city": "St. Louis",
      "address": "1 Jefferson Barracks Drive",
      "zip_code": "63125",
      "phone": "314-652-4100",
      "toll_free": "800-228-5459",
      "email": "VAStLouisPatientAdvocate@va.gov",
      "hours": "Monday-Friday 8:00 AM - 4:30 PM",
      "visn": "15"
    },
    {
      "facility_name": "Robert J. Dole VA Medical Center",
      "facility_id": "vha_589A7",
      "state": "KS",
      "city": "Wichita",
      "address": "5500 East Kellogg Drive",
      "zip_code": "67218",
      "phone": "316-685-2221",
      "toll_free": "888-878-6881",
      "email": "VAWichitaPatientAdvocate@va.gov",
      "hours": "Monday-Friday 8:00 AM - 4:30 PM",
      "visn": "15"
    },
    {
      "facility_name": "Colmery-O'Neil VA Medical Center",
      "facility_id": "vha_589A5",
      "state": "KS",
      "city": "Topeka",
      "address": "2200 SW Gage Boulevard",
      "zip_code": "66622",
      "phone": "785-350-3111",
      "toll_free": "800-574-8387",
      "email": "VATopekaPatientAdvocate@va.gov",
      "hours": "Monday-Friday 8:00 AM - 4:30 PM",
      "visn": "15"
    },
    {
      "facility_name": "Dwight D. Eisenhower VA Medical Center",
      "facility_id": "vha_589A6",
      "state": "KS",
      "city": "Leavenworth",
      "address": "4101 South 4th Street Trafficway",
      "zip_code": "66048",
      "phone": "913-682-2000",
      "toll_free": "800-952-8387",
      "email": "VALeavenworthPatientAdvocate@va.gov",
      "hours": "Monday-Friday 8:00 AM - 4:30 PM",
      "visn": "15"
    },
    {
      "facility_name": "Jack C. Montgomery VA Medical Center",
      "facility_id": "vha_623",
      "state": "OK",
      "city": "Muskogee",
      "address": "1011 Honor Heights Drive",
      "zip_code": "74401",
      "phone": "918-577-3000",
      "toll_free": "888-397-8387",
      "email": "VAMuskogeePatientAdvocate@va.gov",
      "hours": "Monday-Friday 8:00 AM - 4:30 PM",
      "visn": "19"
    },
    {
      "facility_name": "Oklahoma City VA Health Care System",
      "facility_id": "vha_635",
      "state": "OK",
      "city": "Oklahoma City",
      "address": "921 NE 13th Street",
      "zip_code": "73104",
      "phone": "405-456-1000",
      "toll_free": "866-835-5273",
      "email": "VAOklahomaCityPatientAdvocate@va.gov",
      "hours": "Monday-Friday 8:00 AM - 4:30 PM",
      "visn": "19"
    },
    {
      "facility_name": "Central Arkansas Veterans Healthcare System",
      "facility_id": "vha_598",
      "state": "AR",
      "city": "Little Rock",
      "address": "4300 West 7th Street",
      "zip_code": "72205",
      "phone": "501-257-1000",
      "toll_free": "866-990-3890",
      "email": "VALittleRockPatientAdvocate@va.gov",
      "hours": "Monday-Friday 8:00 AM - 4:30 PM",
      "visn": "16"
    },
    {
      "facility_name": "Fayetteville VA Medical Center",
      "facility_id": "vha_564",
      "state": "AR",
      "city": "Fayetteville",
      "address": "1100 North College Avenue",
      "zip_code": "72703",
      "phone": "479-443-4301",
      "toll_free": "800-691-8387",
      "email": "VAFayettevilleARPatientAdvocate@va.gov",
      "hours": "Monday-Friday 8:00 AM - 4:30 PM",
      "visn": "16"
    },
    {
      "facility_name": "Alexandria VA Medical Center",
      "facility_id": "vha_502",
      "state": "LA",
      "city": "Pineville",
      "address": "2495 Shreveport Highway",
      "zip_code": "71360",
      "phone": "318-473-0010",
      "toll_free": "800-375-8387",
      "email": "VAAlexandriaPatientAdvocate@va.gov",
      "hours": "Monday-Friday 8:00 AM - 4:30 PM",
      "visn": "16"
    },
    {
      "facility_name": "Southeast Louisiana Veterans Health Care System",
      "facility_id": "vha_629",
      "state": "LA",
      "city": "New Orleans",
      "address": "2400 Canal Street",
      "zip_code": "70119",
      "phone": "504-507-2000",
      "toll_free": "800-935-8387",
      "email": "VANewOrleansPatientAdvocate@va.gov",
      "hours": "Monday-Friday 8:00 AM - 4:30 PM",
      "visn": "16"
    },
    {
      "facility_name": "Overton Brooks VA Medical Center",
      "facility_id": "vha_667",
      "state": "LA",
      "city": "Shreveport",
      "address": "510 East Stoner Avenue",
      "zip_code": "71101",
      "phone": "318-221-8411",
      "toll_free": "800-863-7441",
      "email": "VAShreveportPatientAdvocate@va.gov",
      "hours": "Monday-Friday 8:00 AM - 4:30 PM",
      "visn": "16"
    },
    {
      "facility_name": "G.V. (Sonny) Montgomery VA Medical Center",
      "facility_id": "vha_586",
      "state": "MS",
      "city": "Jackson",
      "address": "1500 East Woodrow Wilson Avenue",
      "zip_code": "39216",
      "phone": "601-362-4471",
      "toll_free": "800-949-1009",
      "email": "VAJacksonMSPatientAdvocate@va.gov",
      "hours": "Monday-Friday 8:00 AM - 4:30 PM",
      "visn": "16"
    },
    {
      "facility_name": "Gulf Coast Veterans Health Care System",
      "facility_id": "vha_520",
      "state": "MS",
      "city": "Biloxi",
      "address": "400 Veterans Avenue",
      "zip_code": "39531",
      "phone": "228-523-5000",
      "toll_free": "800-296-8872",
      "email": "VABiloxiPatientAdvocate@va.gov",
      "hours": "Monday-Friday 8:00 AM - 4:30 PM",
      "visn": "16"
    },
    {
      "facility_name": "Memphis VA Medical Center",
      "facility_id": "vha_614",
      "state": "TN",
      "city": "Memphis",
      "address": "1030 Jefferson Avenue",
      "zip_code": "38104",
      "phone": "901-523-8990",
      "toll_free": "800-636-8262",
      "email": "VAMemphisPatientAdvocate@va.gov",
      "hours": "Monday-Friday 8:00 AM - 4:30 PM",
      "visn": "9"
    },
    {
      "facility_name": "Tennessee Valley Healthcare System - Nashville",
      "facility_id": "vha_626",
      "state": "TN",
      "city": "Nashville",
      "address": "1310 24th Avenue South",
      "zip_code": "37212",
      "phone": "615-327-4751",
      "toll_free": "800-228-4973",
      "email": "VANashvillePatientAdvocate@va.gov",
      "hours": "Monday-Friday 8:00 AM - 4:30 PM",
      "visn": "9"
    },
    {
      "facility_name": "James H. Quillen VA Medical Center",
      "facility_id": "vha_621",
      "state": "TN",
      "city": "Mountain Home",
      "address": "Corner of Lamont and Veterans Way",
      "zip_code": "37684",
      "phone": "423-926-1171",
      "toll_free": "877-573-3529",
      "email": "VAMountainHomePatientAdvocate@va.gov",
      "hours": "Monday-Friday 8:00 AM - 4:30 PM",
      "visn": "9"
    },
    {
      "facility_name": "Robley Rex VA Medical Center",
      "facility_id": "vha_603",
      "state": "KY",
      "city": "Louisville",
      "address": "800 Zorn Avenue",
      "zip_code": "40206",
      "phone": "502-287-4000",
      "toll_free": "800-376-8387",
      "email": "VALouisvillePatientAdvocate@va.gov",
      "hours": "Monday-Friday 8:00 AM - 4:30 PM",
      "visn": "9"
    },
    {
      "facility_name": "Lexington VA Medical Center",
      "facility_id": "vha_596",
      "state": "KY",
      "city": "Lexington",
      "address": "2250 Leestown Road",
      "zip_code": "40511",
      "phone": "859-281-4901",
      "toll_free": "888-824-3577",
      "email": "VALexingtonPatientAdvocate@va.gov",
      "hours": "Monday-Friday 8:00 AM - 4:30 PM",
      "visn": "9"
    },
    {
      "facility_name": "Michael E. DeBakey VA Medical Center",
      "facility_id": "vha_580",
      "state": "TX",
      "city": "Houston",
      "address": "2002 Holcombe Boulevard",
      "zip_code": "77030",
      "phone": "713-791-1414",
      "toll_free": "800-553-2278",
      "email": "VAHoustonPatientAdvocate@va.gov",
      "hours": "Monday-Friday 8:00 AM - 4:30 PM",
      "visn": "16"
    },
    {
      "facility_name": "South Texas Veterans Health Care System",
      "facility_id": "vha_671",
      "state": "TX",
      "city": "San Antonio",
      "address": "7400 Merton Minter Boulevard",
      "zip_code": "78229",
      "phone": "210-617-5300",
      "toll_free": "877-469-5300",
      "email": "VASanAntonioPatientAdvocate@va.gov",
      "hours": "Monday-Friday 8:00 AM - 4:30 PM",
      "visn": "17"
    },
    {
      "facility_name": "VA North Texas Health Care System",
      "facility_id": "vha_549",
      "state": "TX",
      "city": "Dallas",
      "address": "4500 South Lancaster Road",
      "zip_code": "75216",
      "phone": "214-742-8387",
      "toll_free": "800-849-3597",
      "email": "VADallasPatientAdvocate@va.gov",
      "hours": "Monday-Friday 8:00 AM - 4:30 PM",
      "visn": "17"
    },
    {
      "facility_name": "VA Central Texas Veterans Health Care System",
      "facility_id": "vha_674",
      "state": "TX",
      "city": "Temple",
      "address": "1901 Veterans Memorial Drive",
      "zip_code": "76504",
      "phone": "254-778-4811",
      "toll_free": "800-423-2111",
      "email": "VATemplePatientAdvocate@va.gov",
      "hours": "Monday-Friday 8:00 AM - 4:30 PM",
      "visn": "17"
    },
    {
      "facility_name": "El Paso VA Health Care System",
      "facility_id": "vha_756",
      "state": "TX",
      "city": "El Paso",
      "address": "5001 North Piedras Street",
      "zip_code": "79930",
      "phone": "915-564-6100",
      "toll_free": "800-672-3782",
      "email": "VAElPasoPatientAdvocate@va.gov",
      "hours": "Monday-Friday 8:00 AM - 4:30 PM",
      "visn": "17"
    },
    {
      "facility_name": "West Texas VA Health Care System",
      "facility_id": "vha_519",
      "state": "TX",
      "city": "Big Spring",
      "address": "300 Veterans Boulevard",
      "zip_code": "79720",
      "phone": "432-263-7361",
      "toll_free": "800-472-1365",
      "email": "VABigSpringPatientAdvocate@va.gov",
      "hours": "Monday-Friday 8:00 AM - 4:30 PM",
      "visn": "17"
    },
    {
      "facility_name": "Thomas E. Creek VA Medical Center",
      "facility_id": "vha_504",
      "state": "TX",
      "city": "Amarillo",
      "address": "6010 Amarillo Boulevard West",
      "zip_code": "79106",
      "phone": "806-355-9703",
      "toll_free": "800-687-8262",
      "email": "VAAmarilloPatientAdvocate@va.gov",
      "hours": "Monday-Friday 8:00 AM - 4:30 PM",
      "visn": "17"
    },
    {
      "facility_name": "VA Texas Valley Coastal Bend Health Care System",
      "facility_id": "vha_740",
      "state": "TX",
      "city": "Harlingen",
      "address": "2601 Veterans Drive",
      "zip_code": "78550",
      "phone": "956-291-9000",
      "toll_free": "866-725-8387",
      "email": "VAHarlingenPatientAdvocate@va.gov",
      "hours": "Monday-Friday 8:00 AM - 4:30 PM",
      "visn": "17"
    },
    {
      "facility_name": "Raymond G. Murphy VA Medical Center",
      "facility_id": "vha_501",
      "state": "NM",
      "city": "Albuquerque",
      "address": "1501 San Pedro Drive SE",
      "zip_code": "87108",
      "phone": "505-265-1711",
      "toll_free": "800-465-8262",
      "email": "VAAlbuquerquePatientAdvocate@va.gov",
      "hours": "Monday-Friday 8:00 AM - 4:30 PM",
      "visn": "22"
    },
    {
      "facility_name": "Southern Arizona VA Health Care System",
      "facility_id": "vha_678",
      "state": "AZ",
      "city": "Tucson",
      "address": "3601 South 6th Avenue",
      "zip_code": "85723",
      "phone": "520-792-1450",
      "toll_free": "800-470-8262",
      "email": "VATucsonPatientAdvocate@va.gov",
      "hours": "Monday-Friday 8:00 AM - 4:30 PM",
      "visn": "22"
    },
    {
      "facility_name": "Phoenix VA Health Care System",
      "facility_id": "vha_644",
      "state": "AZ",
      "city": "Phoenix",
      "address": "650 East Indian School Road",
      "zip_code": "85012",
      "phone": "602-277-5551",
      "toll_free": "800-554-7174",
      "email": "VAPhoenixPatientAdvocate@va.gov",
      "hours": "Monday-Friday 8:00 AM - 4:30 PM",
      "visn": "22"
    },
    {
      "facility_name": "Northern Arizona VA Health Care System",
      "facility_id": "vha_649",
      "state": "AZ",
      "city": "Prescott",
      "address": "500 Highway 89 North",
      "zip_code": "86313",
      "phone": "928-445-4860",
      "toll_free": "800-949-1005",
      "email": "VAPrescottPatientAdvocate@va.gov",
      "hours": "Monday-Friday 8:00 AM - 4:30 PM",
      "visn": "22"
    },
    {
      "facility_name": "VA Loma Linda Healthcare System",
      "facility_id": "vha_605",
      "state": "CA",
      "city": "Loma Linda",
      "address": "11201 Benton Street",
      "zip_code": "92357",
      "phone": "909-825-7084",
      "toll_free": "800-741-8387",
      "email": "VALomaLindaPatientAdvocate@va.gov",
      "hours": "Monday-Friday 8:00 AM - 4:30 PM",
      "visn": "22"
    },
    {
      "facility_name": "VA Long Beach Healthcare System",
      "facility_id": "vha_600",
      "state": "CA",
      "city": "Long Beach",
      "address": "5901 East 7th Street",
      "zip_code": "90822",
      "phone": "562-826-8000",
      "toll_free": "888-769-8387",
      "email": "VALongBeachPatientAdvocate@va.gov",
      "hours": "Monday-Friday 8:00 AM - 4:30 PM",
      "visn": "22"
    },
    {
      "facility_name": "VA Greater Los Angeles Healthcare System",
      "facility_id": "vha_691",
      "state": "CA",
      "city": "Los Angeles",
      "address": "11301 Wilshire Boulevard",
      "zip_code": "90073",
      "phone": "310-478-3711",
      "toll_free": "800-952-4852",
      "email": "VALosAngelesPatientAdvocate@va.gov",
      "hours": "Monday-Friday 8:00 AM - 4:30 PM",
      "visn": "22"
    },
    {
      "facility_name": "VA San Diego Healthcare System",
      "facility_id": "vha_664",
      "state": "CA",
      "city": "San Diego",
      "address": "3350 La Jolla Village Drive",
      "zip_code": "92161",
      "phone": "858-552-8585",
      "toll_free": "800-331-8387",
      "email": "VASanDiegoPatientAdvocate@va.gov",
      "hours": "Monday-Friday 8:00 AM - 4:30 PM",
      "visn": "22"
    },
    {
      "facility_name": "VA Palo Alto Health Care System",
      "facility_id": "vha_640",
      "state": "CA",
      "city": "Palo Alto",
      "address": "3801 Miranda Avenue",
      "zip_code": "94304",
      "phone": "650-493-5000",
      "toll_free": "800-455-0057",
      "email": "VAPaloAltoPatientAdvocate@va.gov",
      "hours": "Monday-Friday 8:00 AM - 4:30 PM",
      "visn": "21"
    },
    {
      "facility_name": "San Francisco VA Health Care System",
      "facility_id": "vha_662",
      "state": "CA",
      "city": "San Francisco",
      "address": "4150 Clement Street",
      "zip_code": "94121",
      "phone": "415-221-4810",
      "toll_free": "877-487-2838",
      "email": "VASanFranciscoPatientAdvocate@va.gov",
      "hours": "Monday-Friday 8:00 AM - 4:30 PM",
      "visn": "21"
    },
    {
      "facility_name": "VA Northern California Health Care System",
      "facility_id": "vha_612",
      "state": "CA",
      "city": "Mather",
      "address": "10535 Hospital Way",
      "zip_code": "95655",
      "phone": "916-843-7000",
      "toll_free": "800-382-8387",
      "email": "VANorthernCaliforniaPatientAdvocate@va.gov",
      "hours": "Monday-Friday 8:00 AM - 4:30 PM",
      "visn": "21"
    },
    {
      "facility_name": "VA Central California Health Care System",
      "facility_id": "vha_570",
      "state": "CA",
      "city": "Fresno",
      "address": "2615 East Clinton Avenue",
      "zip_code": "93703",
      "phone": "559-225-6100",
      "toll_free": "888-826-2838",
      "email": "VAFresnoPatientAdvocate@va.gov",
      "hours": "Monday-Friday 8:00 AM - 4:30 PM",
      "visn": "21"
    },
    {
      "facility_name": "VA Sierra Nevada Health Care System",
      "facility_id": "vha_654",
      "state": "NV",
      "city": "Reno",
      "address": "975 Kirman Avenue",
      "zip_code": "89502",
      "phone": "775-786-7200",
      "toll_free": "888-838-6256",
      "email": "VARenoPatientAdvocate@va.gov",
      "hours": "Monday-Friday 8:00 AM - 4:30 PM",
      "visn": "21"
    },
    {
      "facility_name": "VA Southern Nevada Healthcare System",
      "facility_id": "vha_593",
      "state": "NV",
      "city": "North Las Vegas",
      "address": "6900 North Pecos Road",
      "zip_code": "89086",
      "phone": "702-791-9000",
      "toll_free": "888-633-7554",
      "email": "VALasVegasPatientAdvocate@va.gov",
      "hours": "Monday-Friday 8:00 AM - 4:30 PM",
      "visn": "21"
    },
    {
      "facility_name": "VA Pacific Islands Health Care System",
      "facility_id": "vha_459",
      "state": "HI",
      "city": "Honolulu",
      "address": "459 Patterson Road",
      "zip_code": "96819",
      "phone": "808-433-0600",
      "toll_free": "800-214-1306",
      "email": "VAHonoluluPatientAdvocate@va.gov",
      "hours": "Monday-Friday 8:00 AM - 4:30 PM",
      "visn": "21"
    },
    {
      "facility_name": "VA Portland Health Care System",
      "facility_id": "vha_648",
      "state": "OR",
      "city": "Portland",
      "address": "3710 SW US Veterans Hospital Road",
      "zip_code": "97239",
      "phone": "503-220-8262",
      "toll_free": "800-949-1004",
      "email": "VAPortlandPatientAdvocate@va.gov",
      "hours": "Monday-Friday 8:00 AM - 4:30 PM",
      "visn": "20"
    },
    {
      "facility_name": "VA Roseburg Healthcare System",
      "facility_id": "vha_653",
      "state": "OR",
      "city": "Roseburg",
      "address": "913 NW Garden Valley Boulevard",
      "zip_code": "97471",
      "phone": "541-440-1000",
      "toll_free": "800-549-8387",
      "email": "VARoseburgPatientAdvocate@va.gov",
      "hours": "Monday-Friday 8:00 AM - 4:30 PM",
      "visn": "20"
    },
    {
      "facility_name": "White City VA Medical Center",
      "facility_id": "vha_692",
      "state": "OR",
      "city": "White City",
      "address": "8495 Crater Lake Highway",
      "zip_code": "97503",
      "phone": "541-826-2111",
      "toll_free": "800-809-8725",
      "email": "VAWhiteCityPatientAdvocate@va.gov",
      "hours": "Monday-Friday 8:00 AM - 4:30 PM",
      "visn": "20"
    },
    {
      "facility_name": "VA Puget Sound Health Care System",
      "facility_id": "vha_663",
      "state": "WA",
      "city": "Seattle",
      "address": "1660 South Columbian Way",
      "zip_code": "98108",
      "phone": "206-762-1010",
      "toll_free": "800-329-8387",
      "email": "VASeattlePatientAdvocate@va.gov",
      "hours": "Monday-Friday 8:00 AM - 4:30 PM",
      "visn": "20"
    },
    {
      "facility_name": "Mann-Grandstaff VA Medical Center",
      "facility_id": "vha_668",
      "state": "WA",
      "city": "Spokane",
      "address": "4815 North Assembly Street",
      "zip_code": "99205",
      "phone": "509-434-7000",
      "toll_free": "800-325-7940",
      "email": "VASpokanePatientAdvocate@va.gov",
      "hours": "Monday-Friday 8:00 AM - 4:30 PM",
      "visn": "20"
    },
    {
      "facility_name": "Jonathan M. Wainwright Memorial VA Medical Center",
      "facility_id": "vha_687",
      "state": "WA",
      "city": "Walla Walla",
      "address": "77 Wainwright Drive",
      "zip_code": "99362",
      "phone": "509-525-5200",
      "toll_free": "888-687-8863",
      "email": "VAWallaWallaPatientAdvocate@va.gov",
      "hours": "Monday-Friday 8:00 AM - 4:30 PM",
      "visn": "20"
    },
    {
      "facility_name": "VA Boise Healthcare System",
      "facility_id": "vha_531",
      "state": "ID",
      "city": "Boise",
      "address": "500 West Fort Street",
      "zip_code": "83702",
      "phone": "208-422-1000",
      "toll_free": "866-737-5093",
      "email": "VABoisePatientAdvocate@va.gov",
      "hours": "Monday-Friday 8:00 AM - 4:30 PM",
      "visn": "20"
    },
    {
      "facility_name": "Montana VA Health Care System",
      "facility_id": "vha_436",
      "state": "MT",
      "city": "Fort Harrison",
      "address": "3687 Veterans Drive",
      "zip_code": "59636",
      "phone": "406-442-6410",
      "toll_free": "877-468-8387",
      "email": "VAMontanaPatientAdvocate@va.gov",
      "hours": "Monday-Friday 8:00 AM - 4:30 PM",
      "visn": "19"
    },
    {
      "facility_name": "VA Eastern Colorado Health Care System",
      "facility_id": "vha_554",
      "state": "CO",
      "city": "Aurora",
      "address": "1700 North Wheeling Street",
      "zip_code": "80045",
      "phone": "303-399-8020",
      "toll_free": "888-336-8262",
      "email": "VADenverPatientAdvocate@va.gov",
      "hours": "Monday-Friday 8:00 AM - 4:30 PM",
      "visn": "19"
    },
    {
      "facility_name": "VA Western Colorado Health Care System",
      "facility_id": "vha_575",
      "state": "CO",
      "city": "Grand Junction",
      "address": "2121 North Avenue",
      "zip_code": "81501",
      "phone": "970-242-0731",
      "toll_free": "866-206-6415",
      "email": "VAGrandJunctionPatientAdvocate@va.gov",
      "hours": "Monday-Friday 8:00 AM - 4:30 PM",
      "visn": "19"
    },
    {
      "facility_name": "Cheyenne VA Medical Center",
      "facility_id": "vha_442",
      "state": "WY",
      "city": "Cheyenne",
      "address": "2360 East Pershing Boulevard",
      "zip_code": "82001",
      "phone": "307-778-7550",
      "toll_free": "888-483-9127",
      "email": "VACheyennePatientAdvocate@va.gov",
      "hours": "Monday-Friday 8:00 AM - 4:30 PM",
      "visn": "19"
    },
    {
      "facility_name": "Sheridan VA Medical Center",
      "facility_id": "vha_666",
      "state": "WY",
      "city": "Sheridan",
      "address": "1898 Fort Road",
      "zip_code": "82801",
      "phone": "307-672-3473",
      "toll_free": "866-822-6714",
      "email": "VASheridanPatientAdvocate@va.gov",
      "hours": "Monday-Friday 8:00 AM - 4:30 PM",
      "visn": "19"
    },
    {
      "facility_name": "George E. Wahlen VA Medical Center",
      "facility_id": "vha_660",
      "state": "UT",
      "city": "Salt Lake City",
      "address": "500 Foothill Drive",
      "zip_code": "84148",
      "phone": "801-582-1565",
      "toll_free": "800-613-4012",
      "email": "VASaltLakeCityPatientAdvocate@va.gov",
      "hours": "Monday-Friday 8:00 AM - 4:30 PM",
      "visn": "19"
    },
    {
      "facility_name": "VA Alaska Healthcare System",
      "facility_id": "vha_463",
      "state": "AK",
      "city": "Anchorage",
      "address": "1201 North Muldoon Road",
      "zip_code": "99504",
      "phone": "907-257-4700",
      "toll_free": "888-353-7574",
      "email": "VAAlaskaPatientAdvocate@va.gov",
      "hours": "Monday-Friday 8:00 AM - 4:30 PM",
      "visn": "20"
    },
    {
      "facility_name": "VA Manila Outpatient Clinic",
      "facility_id": "vha_358",
      "state": "PI",
      "city": "Pasay City",
      "address": "1501 Roxas Boulevard",
      "zip_code": "1302",
      "phone": "632-833-4566",
      "toll_free": null,
      "email": "VAManilaPatientAdvocate@va.gov",
      "hours": "Monday-Friday 8:00 AM - 4:30 PM",
      "visn": "21"
    }
  ],
  "complaint_process": {
    "steps": [
      "Contact your Patient Advocate at your local VA Medical Center",
      "Explain your concern - Patient Advocates listen to questions, problems, or special needs",
      "The Patient Advocate will refer your concern to appropriate Medical Center staff for resolution",
      "If you're not satisfied, you can file a formal complaint through the VA's PATS (Patient Advocate Tracking System)",
      "You may also submit feedback through the Ask VA portal at Ask.VA.gov",
      "For urgent matters, you can reach Patient Advocates through MyHealtheVet Secure Messaging"
    ],
    "escalation_contacts": {
      "national_hotline": "1-800-827-1000",
      "white_house_hotline": "1-855-948-2311",
      "ask_va_portal": "https://ask.va.gov/",
      "va_inspector_general": "https://www.va.gov/oig/hotline/"
    }
  }
}
